SummaryLevel,State,StateFIPS,GEOID,AreaName,B02001_001,B02001_002,B02001_003,B02001_004,B02001_005,B02001_006,B02001_007,B02001_008,B02001_009,B02001_010,B02008_001,B02009_001,B02010_001,B02011_001,B02012_001,B02013_001,B02014_001,B02014_002,B02014_003,B02014_004,B02014_005,B02014_006,B02014_007,B02014_008,B02014_009,B02014_010,B02014_011,B02014_012,B02014_013,B02014_014,B02014_015,B02014_016,B02014_017,B02014_018,B02014_019,B02014_020,B02014_021,B02014_022,B02014_023,B02014_024,B02014_025,B02014_026,B02014_027,B02014_028,B02014_029,B02014_030,B02014_031,B02014_032,B02014_033,B02014_034,B02014_035,B02014_036,B02014_037,B02014_038,B02014_039,B02014_040,B02014_041,B02014_042,B02014_043,B02014_044,B02014_045,B02014_046,B02014_047,B02014_048,B02014_049,B02014_050,B02014_051,B02014_052,B02014_053,B02014_054,B02014_055,B02015_001,B02015_002,B02015_003,B02015_004,B02015_005,B02015_006,B02015_007,B02015_008,B02015_009,B02015_010,B02015_011,B02015_012,B02015_013,B02015_014,B02015_015,B02015_016,B02015_017,B02015_018,B02015_019,B02015_020,B02015_021,B02015_022,B02015_023,B02015_024,B02015_025,B02016_001,B02016_002,B02016_003,B02016_004,B02016_005,B02016_006,B02016_007,B02016_008,B02016_009,B02016_010,B02016_011,B02016_012,B02017_001,B02017_002,B02017_003,B02017_004,B02017_005,B02017_006,B02017_007,B02017_008,B02017_009,B02017_010,B02017_011,B02017_012,B02017_013,B02017_014,B02017_015,B02017_016,B02017_017,B02017_018,B02017_019,B02017_020,B02017_021,B02017_022,B02017_023,B02017_024,B02017_025,B02017_026,B02017_027,B02017_028,B02017_029,B02017_030,B02017_031,B02017_032,B02017_033,B02017_034,B02017_035,B02017_036,B02017_037,B02017_038,B02017_039,B02017_040,B02017_041,B02017_042,B02017_043,B02017_044,B02017_045,B02017_046,B02017_047,B02017_048,B02017_049,B02017_050,B02017_051,B02017_052,B02017_053,B02017_054,B02018_001,B02018_002,B02018_003,B02018_004,B02018_005,B02018_006,B02018_007,B02018_008,B02018_009,B02018_010,B02018_011,B02018_012,B02018_013,B02018_014,B02018_015,B02018_016,B02018_017,B02018_018,B02018_019,B02018_020,B02018_021,B02018_022,B02018_023,B02018_024,B02019_001,B02019_002,B02019_003,B02019_004,B02019_005,B02019_006,B02019_007,B02019_008,B02019_009,B02019_010,B02019_011,C02003_001,C02003_002,C02003_003,C02003_004,C02003_005,C02003_006,C02003_007,C02003_008,C02003_009,C02003_010,C02003_011,C02003_012,C02003_013,C02003_014,C02003_015,C02003_016,C02003_017,C02003_018,C02003_019
40,AL,01,04000US01,Alabama,4830620,3325464,1276544,23850,59599,2439,61078,81646,7032,74614,3396662,1312584,58251,75634,5186,69042,23850,19407,294,79,35,2,24,8870,7,22,172,3362,24,42,0,3679,0,77,44,34,190,61,152,0,671,153,0,32,0,0,93,29,0,164,0,252,35,42,0,7,0,76,4,679,571,90,62,11,4,13,0,0,29,3093,660,59599,11915,577,0,64,802,11286,5586,231,388,1838,10544,1497,121,25,424,10,1900,324,186,1306,9212,0,810,553,2439,588,161,0,47,1246,83,248,0,0,53,13,60697,48528,629,152,1460,11,32,26104,58,147,220,5059,207,112,66,8966,108,90,180,158,320,132,199,20,841,292,37,86,0,18,109,39,28,453,10,589,204,60,0,7,16,80,4,1225,1757,144,72,18,38,13,0,3,69,10199,77135,13476,625,0,79,1051,13261,9617,257,423,3943,13512,1772,296,35,458,46,2015,339,362,1852,10039,0,3677,5387,1479,420,0,97,1694,172,250,22,0,1253,4830620,4748974,3325464,1276544,23850,59599,2439,61078,81646,7032,74614,76866,25175,27134,10465,3705,10387,4471,309
40,AK,02,04000US02,Alaska,733375,484250,25022,101313,42921,8841,9273,61755,3202,58553,538294,37906,141686,56670,12824,12708,101313,3954,164,0,26,56,0,585,5,20,299,250,3,57,4,115,11,2,0,7,79,8,46,5,143,256,5,13,13,4,54,140,62,34,24,419,12,0,2,33,6,43,10,939,229,86798,12414,8528,22768,8855,1512,32721,7615,0,2717,42921,856,375,195,2,93,2365,23357,4166,72,1584,4980,1279,62,35,158,11,44,44,13,980,1103,0,176,971,8841,1383,5205,851,57,433,8,562,24,0,122,196,146761,14991,503,0,818,100,202,4554,15,404,1151,845,14,129,29,387,88,21,0,7,308,15,78,9,204,672,75,56,92,22,116,218,138,103,81,995,38,0,2,40,9,89,112,2252,543,117672,19328,13232,30133,14750,2727,37502,12913,642,58597,1184,375,195,7,260,4480,29929,4285,85,4357,6775,1839,82,50,173,15,68,46,53,1800,1874,0,665,13202,3263,6448,1034,82,740,113,679,24,11,808,733375,671620,484250,25022,101313,42921,8841,9273,61755,3202,58553,57193,6886,32336,7879,2285,7807,4166,396
40,AZ,04,04000US04,Arizona,6641928,5210335,281576,294721,200090,12471,430890,211845,47488,164357,5391169,348422,360878,260295,27497,482227,294721,272386,27294,61,270,157,122,2817,71,376,1258,1700,110,330,29,319,60,102,11139,4,908,94,84,33,2879,145393,134,164,369,22617,503,1550,117,190,123,1862,148,210,19541,175,4,15081,5349,8639,3418,799,154,70,360,179,12,24,313,12401,5404,200090,43322,1513,387,3105,2429,37302,36976,394,887,10269,15987,2440,314,65,1354,35,2808,290,1361,4087,27573,9,2237,4946,12471,4284,2001,1550,164,1797,855,768,105,0,637,310,369100,337994,33204,140,2187,427,214,13661,551,1170,2255,4300,155,872,148,1080,144,335,13283,4,1849,394,292,110,5719,156726,336,214,654,26764,701,2576,143,617,206,4426,657,333,22310,251,14,19907,6696,11969,5618,1478,203,75,606,265,12,317,364,23646,268945,48120,1679,487,3322,3059,47988,60287,436,1538,20946,22482,2993,431,188,1593,143,3221,444,1953,6716,31208,81,9630,28172,10395,3665,2186,440,2859,969,1036,164,0,6458,6641928,6430083,5210335,281576,294721,200090,12471,430890,211845,47488,164357,196847,44339,44708,40054,5868,61878,13497,1501
40,AR,05,04000US05,Arkansas,2958208,2307849,459748,18409,40336,6845,62484,62537,5557,56980,2365477,481428,49291,49925,9098,68462,18409,13800,305,0,135,14,0,7274,0,193,130,2463,0,39,0,428,0,138,0,66,49,85,9,0,373,147,103,214,10,0,325,47,47,64,0,151,51,68,5,0,43,0,4,820,778,156,5,83,29,39,0,0,12,2917,746,40336,9737,574,0,213,491,6364,4623,1356,184,948,2037,3801,131,17,83,0,1225,199,266,902,6297,0,496,392,6845,543,197,0,17,128,5783,19,8,0,141,9,51301,40692,912,5,1010,42,78,24904,63,639,342,5605,0,103,71,841,24,167,13,108,247,88,48,4,472,459,341,239,26,23,426,204,47,353,7,825,99,76,29,5,73,0,4,1670,1547,482,16,134,29,39,0,264,12,8568,50748,10498,592,0,213,610,7007,7424,1523,274,2291,3303,4378,172,17,83,36,1324,199,333,1246,6914,0,2311,9114,1122,487,0,33,201,5955,34,8,0,1274,2958208,2895671,2307849,459748,18409,40336,6845,62484,62537,5557,56980,59728,16698,26924,7116,1408,7582,2714,95
40,CA,06,04000US06,California,38421464,23747013,2265387,287028,5261978,150370,4974791,1734897,396499,1338398,25179712,2710216,719301,6001393,301831,5411623,287028,193315,10764,94,1938,789,1614,21962,401,1878,2570,6190,85,848,278,1422,346,358,1180,38,1209,238,351,111,40588,9191,917,433,2616,1170,1036,1900,415,619,1072,4554,1769,1914,922,408,154,4381,2239,62353,12016,2127,286,295,570,735,13,228,296,67900,11374,5261978,635718,9580,295,16324,95126,1327305,1247073,91705,28184,278354,463977,68481,3846,5142,9611,225,52695,12006,66709,52676,626143,1079,23434,146290,150370,23437,40209,19663,1644,24178,1404,2478,27023,58,7170,3106,753024,529456,31605,1189,23143,2055,4574,127332,1750,6053,7842,28999,178,2726,1382,6821,1050,1484,3057,180,5920,709,1041,330,70241,18336,2640,834,4701,3036,3463,5419,904,3037,2835,13388,4530,3527,1595,2110,493,12601,3472,112874,27531,5651,703,1267,1338,1524,400,419,886,189500,6203743,689477,10702,551,20137,114665,1549610,1550866,96255,44858,451596,525883,81919,6307,6735,10298,1620,59270,13229,72905,71886,699418,1544,124012,308113,76650,59155,25044,4129,44428,1720,3631,32210,129,61017,38421464,36686567,23747013,2265387,287028,5261978,150370,4974791,1734897,396499,1338398,1582097,232721,275051,484442,39388,550495,138950,13850
40,CO,08,04000US08,Colorado,5278906,4446095,213787,50008,153467,7695,224374,183480,35786,147694,4608186,268990,111240,209119,17266,263739,50008,32073,3475,379,557,82,105,4430,446,208,978,795,12,120,15,368,58,61,136,0,196,70,145,21,2184,6213,51,28,56,107,389,758,24,27,32,3390,223,496,6,3108,23,191,48,2062,2467,722,42,172,277,149,8,74,17,11940,2789,153467,24383,226,103,1989,2001,29649,13900,3939,1466,11212,22012,2437,224,816,4135,0,1444,132,897,3146,23127,48,2592,3589,7695,2552,1794,329,52,1658,55,504,74,159,224,294,118796,85513,8182,642,2943,225,163,21141,1043,1011,2679,2984,12,1013,140,1092,207,197,384,44,1154,265,203,21,4959,10695,446,227,111,279,837,2248,82,676,228,7183,649,620,75,4640,31,468,51,5263,5320,1477,172,409,426,254,53,163,113,26373,215747,27981,270,116,2100,2543,38420,27588,4311,2366,25185,31703,3123,311,1048,4674,40,2004,199,1335,5382,26474,102,8472,17859,6539,2843,401,326,2784,99,645,198,167,3857,5278906,5095426,4446095,213787,50008,153467,7695,224374,183480,35786,147694,168141,34735,43299,39700,4223,46184,14569,770
40,CT,09,04000US09,Connecticut,3593222,2778362,370501,8908,150670,981,181881,101919,24131,77788,2861270,422002,33311,175370,4239,208214,8908,5355,298,0,104,55,357,715,0,9,60,11,33,7,5,63,0,7,0,0,45,0,73,0,413,56,85,0,0,0,26,4,0,30,0,71,1192,119,0,0,0,0,0,1517,354,83,12,29,23,19,0,0,5,2958,153,150670,54019,2487,27,746,3142,34948,13425,34,320,3836,10010,3751,88,7,1118,0,6379,765,959,1381,8536,115,1701,2876,981,183,188,0,0,313,0,33,5,0,251,8,34884,22311,502,0,1930,220,499,4928,78,104,439,216,33,15,107,125,15,238,80,0,1072,9,153,150,559,155,90,31,5,0,63,4,0,612,11,527,2292,136,0,0,26,132,8,6747,1585,303,99,112,62,30,0,0,5,10680,179398,58207,2636,27,825,3815,41630,18546,42,519,6664,12698,4311,206,17,1141,14,6963,909,1183,2163,10168,186,6528,4364,711,289,0,9,548,0,130,56,12,2609,3593222,3491303,2778362,370501,8908,150670,981,181881,101919,24131,77788,93348,30542,12308,17599,4533,28366,7978,593
40,DC,11,04000US11,District of Columbia,647484,260325,316447,2154,23822,250,27159,17327,2442,14885,273868,324552,6122,31284,1092,29923,2154,891,0,0,0,0,33,202,19,0,19,32,0,7,0,12,0,0,0,0,0,0,34,0,105,52,0,0,0,0,0,17,0,40,0,71,28,24,0,0,0,0,0,196,522,0,0,0,0,0,0,0,12,627,102,23822,5730,281,0,139,122,5900,2946,34,105,1215,2457,41,114,0,213,16,639,215,455,513,1896,58,236,497,250,52,71,0,0,110,0,0,0,0,17,0,6340,3485,33,34,270,17,101,1048,19,0,58,166,0,12,6,38,16,108,0,0,81,0,42,0,391,59,15,0,0,0,16,17,0,55,3,89,191,24,0,0,0,0,0,576,813,19,0,19,0,0,0,0,12,2011,32099,7121,321,0,155,133,7653,4350,34,350,2350,3077,41,192,21,213,22,859,281,575,653,2207,83,1408,1092,279,94,0,0,123,0,0,22,0,574,647484,630157,260325,316447,2154,23822,250,27159,17327,2442,14885,15370,4083,1310,5275,1017,3685,1884,73
40,DE,10,04000US10,Delaware,926454,642623,200481,3140,33643,306,20995,25266,2699,22567,664065,217312,8840,38746,1168,23906,3140,1995,6,0,39,0,0,394,0,7,14,5,0,0,0,0,0,305,0,0,43,0,57,0,162,24,0,0,0,0,4,0,28,28,0,30,17,25,0,0,0,0,0,807,132,30,13,0,0,0,11,6,4,869,110,33643,14105,74,0,9,130,7232,3481,59,103,418,2459,153,53,0,348,0,2052,78,316,162,1713,0,319,379,306,99,14,0,5,134,0,0,31,0,23,0,9135,6017,95,0,261,7,0,2326,0,94,72,49,0,0,0,6,30,440,31,0,147,0,138,0,367,115,0,57,16,0,23,72,28,28,0,164,177,25,0,0,8,72,0,1169,453,48,13,0,12,0,11,12,4,2613,39199,14681,74,0,9,201,7942,5294,59,113,1258,3040,184,82,0,360,0,2112,78,354,215,2062,0,1081,1176,354,31,14,32,200,0,60,31,0,454,926454,901188,642623,200481,3140,33643,306,20995,25266,2699,22567,23028,11805,2880,3259,1302,3782,2159,79
40,FL,12,04000US12,Florida,19645772,14934702,3171108,54569,509085,11024,493202,472082,87803,384279,15327007,3401179,156000,645847,35770,589673,54569,37004,983,16,824,196,556,9632,80,222,1246,697,0,129,45,3464,5,245,52,58,1529,55,884,55,3595,401,59,47,18,73,343,239,43,2977,37,1209,2968,514,8,0,0,189,29,3282,2192,1451,122,135,1032,121,30,11,112,12148,1662,509085,139420,5214,225,3133,6073,86420,97381,1621,2159,14073,27571,4938,484,161,1178,105,17074,1767,3042,12894,70279,177,5538,8158,11024,3320,1236,201,121,3328,451,574,123,33,1371,266,162267,115311,2653,66,5973,501,1604,43853,386,1068,3285,3618,7,308,420,9102,283,815,253,385,4927,72,1510,206,4930,1208,223,178,49,73,576,408,43,5795,135,3488,7409,944,8,0,18,307,337,7887,6186,2299,499,245,1291,179,30,55,227,38244,660062,158630,5425,225,3347,7036,111890,139111,1770,3263,30295,39443,5952,798,228,1219,263,19150,2042,3867,18717,78659,325,28407,36448,8437,2712,502,579,5449,654,765,184,76,17090,19645772,19173690,14934702,3171108,54569,509085,11024,493202,472082,87803,384279,437703,151713,66755,84372,12192,122671,31616,2763
40,GA,13,04000US13,Georgia,10006693,6025691,3096757,25887,360448,4704,279403,213803,31108,182695,6201600,3212824,80271,418415,12893,312943,25887,16037,264,28,229,27,152,6231,17,175,243,371,0,36,8,935,4,48,49,107,451,0,373,0,3232,219,49,1,0,0,245,0,0,164,67,217,431,325,12,0,33,148,0,1146,1758,415,79,20,258,58,0,0,8,6859,810,360448,111111,4923,1363,5281,4999,53627,20891,3798,2226,8179,54364,5760,148,158,3020,0,10744,1187,3497,4521,50609,32,4458,5552,4704,1399,1032,116,67,789,75,634,90,62,380,60,83623,57264,1046,61,2620,262,242,30017,54,629,819,1941,0,94,218,3580,64,317,259,118,1247,0,817,64,4403,759,134,13,15,9,285,14,93,577,165,1214,1355,518,86,27,33,225,0,2870,5146,658,117,123,267,148,3,0,15,20540,426718,118043,5148,1541,5557,6623,62947,32724,4175,2855,15300,66670,7007,306,251,3238,38,12334,1351,3884,6786,54891,51,14998,13151,4210,1863,129,168,1496,87,858,242,62,4036,10006693,9792890,6025691,3096757,25887,360448,4704,279403,213803,31108,182695,197046,75013,30822,35958,9207,46046,15199,1558
40,HI,15,04000US15,Hawaii,1406299,357164,28688,3012,530551,138901,14864,333119,10332,322787,604474,48863,32989,788539,363422,34848,3012,2125,114,0,66,0,4,491,0,17,22,69,0,0,0,49,28,0,61,0,45,0,14,16,190,311,60,0,12,0,4,17,21,5,19,78,51,8,17,7,0,22,6,301,37,181,23,30,26,25,0,77,16,520,133,530551,2338,49,0,126,504,56402,202501,70,666,182295,23017,2440,28,138,218,2069,111,158,732,1939,9795,50,411,44494,138901,87000,15791,3304,628,2576,7546,15328,117,35,800,5776,34582,24160,1191,16,1737,178,36,10877,113,271,487,1108,4,86,179,167,65,84,140,0,703,101,49,50,684,831,162,81,68,92,42,156,93,176,228,1313,511,24,56,7,13,75,30,1876,882,676,48,149,139,71,0,269,29,8835,945907,4504,56,0,196,790,196986,352100,70,1415,310595,47394,3426,134,242,264,6821,268,209,919,3675,13373,86,2384,384106,299451,35554,6241,4026,6570,9215,18675,370,61,3943,1406299,1073180,357164,28688,3012,530551,138901,14864,333119,10332,322787,212705,5232,9425,70395,1468,126185,108551,11863
40,ID,16,04000US16,Idaho,1616547,1482914,9900,20504,21711,1921,38371,41226,4935,36291,1522014,17547,37946,34237,4791,44051,20504,16960,180,68,369,84,38,1115,410,77,564,344,251,43,8,82,71,240,5,0,154,6,0,17,266,662,38,8,152,9,51,58,168,3,1139,694,16,0,85,94,175,42,43,9131,468,315,98,8,13,128,6,62,40,2080,641,21711,2301,31,68,609,77,4834,3595,124,324,2824,2173,986,18,28,512,15,264,5,214,210,1452,273,233,541,1921,547,188,274,26,422,117,93,18,0,199,37,39504,32230,634,83,797,179,58,5043,477,250,1230,1312,445,124,44,120,98,283,61,0,520,17,18,19,615,1520,156,12,295,30,232,72,272,60,1643,1615,42,21,124,194,229,86,239,12961,922,759,133,33,48,461,9,75,41,5552,35318,2890,31,68,816,161,7005,7193,155,484,6315,3139,1219,24,143,534,15,275,5,378,625,1970,273,1600,4960,1746,578,360,49,721,126,140,162,0,1078,1616547,1575321,1482914,9900,20504,21711,1921,38371,41226,4935,36291,38601,5779,14596,10256,500,7470,2506,119
40,IL,17,04000US17,Illinois,12873761,9312771,1846108,28363,645642,3407,747933,289537,58178,231359,9558427,1972360,92173,735368,13375,810571,28363,14890,587,8,392,138,153,3081,38,58,1307,834,8,108,110,202,16,33,8,21,429,147,125,129,3320,305,15,101,16,18,226,143,5,52,42,886,506,210,16,43,0,24,0,1030,2152,354,69,20,108,121,0,36,21,10445,501,645642,215703,2889,873,3594,4265,117949,120321,711,1151,17736,62873,5336,828,2339,2414,38,29778,774,5284,7876,25918,266,6066,10660,3407,1023,388,26,90,1048,15,40,212,0,533,32,95406,57818,1677,15,3727,277,329,24022,194,476,3186,3074,22,244,196,624,116,252,55,21,1247,195,241,461,5841,1092,207,269,21,18,544,317,82,410,125,3120,1197,260,96,92,0,92,10,3374,5692,555,77,75,182,140,0,81,31,31310,750246,229226,3055,885,4155,4823,134357,149917,904,1745,29887,73708,6533,1363,2421,2495,105,32906,858,6196,10972,30847,632,22256,13552,3457,1287,68,197,1716,23,264,226,0,6314,12873761,12584224,9312771,1846108,28363,645642,3407,747933,289537,58178,231359,272148,86839,38416,65296,10361,71236,15904,1485
40,IN,18,04000US18,Indiana,6568645,5529201,603014,14793,121729,2285,152022,145601,19143,126458,5661699,678881,54186,149198,5974,172970,14793,9939,234,6,195,50,19,3241,42,52,692,360,13,126,17,88,19,114,0,6,247,0,140,10,816,331,0,44,33,0,458,68,7,0,5,579,74,26,0,15,0,56,0,1756,700,288,19,8,61,200,0,0,20,3355,491,121729,34121,455,0,8292,1177,28338,12064,362,621,4928,9963,701,406,280,535,2,3889,217,984,2082,7704,46,2482,2080,2285,694,388,73,3,625,126,36,7,26,254,53,56647,39143,878,47,2859,240,383,18573,181,326,1595,1680,13,258,108,288,196,335,72,6,720,7,142,47,1381,652,147,135,50,22,959,151,11,114,68,1463,280,106,0,30,13,62,0,4545,2150,597,41,121,124,279,0,32,21,14736,152573,36539,547,0,9124,1504,33120,19287,385,1051,9631,13432,1083,477,301,585,19,4315,230,1147,3318,9499,121,6858,6208,1762,844,147,16,1085,126,39,30,26,2133,6568645,6423044,5529201,603014,14793,121729,2285,152022,145601,19143,126458,137605,61336,28862,20561,3596,23250,7365,631
40,IA,19,04000US19,Iowa,3093526,2820046,97788,9977,62997,1882,39872,60964,6004,54960,2877408,127485,26907,76330,3729,46232,9977,7015,98,50,71,123,0,675,111,24,430,92,0,7,21,25,37,2,7,4,73,18,4,43,227,122,0,27,2,0,80,90,4,0,0,1467,19,3,0,0,0,12,0,3047,131,260,3,26,126,16,45,44,0,2162,409,62997,13139,217,41,3660,533,11858,4059,880,238,1448,6291,5049,354,47,686,0,947,169,701,1608,9067,19,910,1076,1882,510,240,93,12,206,180,315,0,0,187,139,28148,18787,408,53,1363,211,0,4443,319,35,943,311,0,81,124,66,60,59,15,4,344,38,24,76,493,328,75,61,24,19,151,92,4,133,0,3514,26,3,14,22,0,12,0,4839,1016,362,48,28,161,31,45,49,12,7971,77758,14271,226,49,3766,856,13280,7950,911,366,3057,8323,6146,371,110,760,33,1197,169,729,2201,10404,28,2555,3858,1264,463,126,53,285,180,415,0,0,1072,3093526,3032562,2820046,97788,9977,62997,1882,39872,60964,6004,54960,57760,24936,13323,10726,1242,7533,2847,357
40,KS,20,04000US20,Kansas,2892987,2464566,168402,24022,75653,1796,63183,95365,10092,85273,2551542,209987,61363,93239,5063,74298,24022,18899,185,23,68,65,91,5305,160,94,299,1185,0,259,0,662,25,324,18,14,400,63,16,6,426,1365,457,11,21,48,2444,123,0,136,100,1057,17,2,0,0,2,39,0,3389,520,428,3,146,45,154,0,80,0,3220,955,75653,14992,924,166,2413,1405,12295,5709,1575,350,2131,4727,4262,160,87,876,11,1422,477,1302,1376,16467,11,857,1658,1796,393,367,25,0,481,16,163,41,0,171,139,64367,51208,1046,112,1580,127,95,20655,244,818,799,3352,0,545,129,1991,76,516,39,34,1025,218,16,20,932,1874,977,46,21,48,4412,211,0,451,159,2103,67,64,5,113,2,98,4,6184,1435,562,12,146,146,166,0,92,37,11125,95509,16519,943,205,2560,1810,14887,10154,1598,496,4916,7241,5215,304,94,880,41,1725,509,1446,2682,18170,38,3076,5272,1194,725,25,42,1163,37,227,41,0,1818,2892987,2797622,2464566,168402,24022,75653,1796,63183,95365,10092,85273,88626,30772,28814,12377,3251,13412,6340,399
40,KY,21,04000US21,Kentucky,4397353,3851591,347034,9063,55483,2197,41149,90836,7466,83370,3935181,400648,32682,70726,4768,50247,9063,6386,171,0,189,17,106,2945,17,30,336,125,11,18,17,56,0,22,33,0,114,0,159,0,486,291,15,46,0,84,133,0,0,10,25,209,111,0,0,0,0,0,11,599,326,63,34,16,11,0,0,2,9,1922,357,55483,13068,163,612,2944,1391,10143,5368,154,200,4327,4594,526,23,42,1403,0,1183,218,277,1199,6071,0,624,953,2197,732,525,0,45,368,12,370,25,0,97,23,34276,24861,783,0,1529,84,125,14632,96,439,644,563,11,82,44,213,62,65,65,15,483,0,214,0,683,561,87,83,6,84,230,29,19,130,76,836,288,0,25,5,0,12,11,1547,1227,122,45,16,28,31,0,2,19,8047,72261,14780,230,612,2967,1513,11561,9152,154,341,7201,7152,757,47,50,1435,22,1427,239,431,1851,7162,0,3177,4890,1870,828,0,239,581,12,456,25,0,879,4397353,4306517,3851591,347034,9063,55483,2197,41149,90836,7466,83370,85169,43194,17614,11347,2225,10789,5320,347
40,LA,22,04000US22,Louisiana,4625253,2902538,1484363,27238,77818,1824,47595,83877,9281,74596,2974719,1528695,59279,92981,4273,58349,27238,20472,210,19,166,47,32,3034,6,301,48,1540,0,18,4,163,0,11,0,8261,95,0,120,0,505,364,135,5,0,18,84,12,0,27,14,232,181,250,0,14,26,26,0,4504,1049,161,0,8,57,53,12,31,0,4938,618,77818,10475,348,0,389,435,11716,7290,153,487,1376,3967,1578,145,0,442,0,1577,409,371,973,33378,12,1270,1027,1824,478,444,4,18,446,0,285,31,0,118,0,61903,45729,658,19,1225,410,76,11739,103,707,202,5892,0,199,9,534,44,60,25,11803,276,68,150,10,739,694,262,33,14,18,107,53,0,107,43,528,301,279,0,33,26,60,0,8223,2697,211,3,28,84,53,12,31,6,13260,94749,11857,373,0,440,658,13839,12240,153,652,3154,5277,1783,322,5,450,4,1892,409,468,1718,35449,34,3572,4504,1275,701,13,45,717,0,328,44,0,1381,4625253,4541376,2902538,1484363,27238,77818,1824,47595,83877,9281,74596,75861,28493,20159,10029,5117,12063,7051,965
40,ME,23,04000US23,Maine,1329100,1262026,15037,7811,14590,187,3151,26298,884,25414,1287149,21999,22021,20520,989,4184,7811,6338,27,0,84,96,43,117,0,3,139,38,0,2,11,2,2,0,0,0,90,0,11,0,39,34,0,0,0,0,0,0,0,34,5,113,0,0,0,0,0,9,0,5439,201,66,0,9,57,0,0,0,24,1038,144,14590,2006,16,0,60,1233,3225,2241,0,3,716,1174,39,0,20,15,6,211,32,161,572,2029,46,389,396,187,62,23,0,0,58,11,10,12,0,10,1,22436,15186,166,39,606,249,43,1826,84,7,272,100,0,28,17,53,133,21,0,0,331,0,22,31,57,53,0,0,0,0,16,2,10,57,5,256,66,0,6,9,0,15,0,10606,536,96,0,9,57,30,0,0,24,6594,21399,2181,48,0,60,1590,4681,3891,10,60,1439,2097,107,11,22,16,6,222,32,169,735,2591,52,1379,1003,334,34,0,197,150,11,15,20,3,239,1329100,1302802,1262026,15037,7811,14590,187,3151,26298,884,25414,24942,5351,12729,4877,344,1641,1248,108
40,MD,24,04000US24,Maryland,5930538,3416107,1750916,15579,357616,2754,211914,175652,20414,155238,3558054,1848257,58236,415223,9523,234973,15579,10136,157,0,535,162,193,1919,48,23,270,166,0,132,7,149,3,152,19,0,160,0,769,0,1131,442,99,4,0,87,29,78,0,12,0,161,644,79,13,5,0,9,0,2479,918,250,18,13,149,70,0,0,0,3816,459,357616,87575,4183,269,4356,2187,75739,50252,114,2476,7226,49308,983,202,262,5731,0,19035,2908,4211,3826,27160,47,3655,5911,2754,916,345,57,87,687,10,108,12,9,363,160,60523,39662,783,59,3483,229,692,14705,161,382,686,659,0,243,59,536,82,483,45,0,1104,19,1935,18,2480,705,178,19,0,138,76,123,48,529,42,703,1830,175,13,47,35,24,26,6108,3130,619,124,13,262,212,0,8,11,17101,423527,96057,4597,329,4693,2744,88027,65114,156,3343,14602,56920,1318,404,313,6045,93,20395,3187,4717,6018,30645,119,13691,9786,2397,806,139,174,1359,10,292,109,26,4474,5930538,5754886,3416107,1750916,15579,357616,2754,211914,175652,20414,155238,159081,59363,18457,37561,10786,32914,15133,1438
40,MA,25,04000US25,Massachusetts,6705586,5334859,478947,13189,400675,1644,281595,194677,33178,161499,5505449,583006,45803,451743,8915,318379,13189,7953,103,0,145,48,387,974,15,53,131,29,0,47,6,0,44,23,0,0,200,0,40,0,641,135,6,0,0,0,6,43,0,56,0,163,1068,103,17,2,0,0,0,3468,887,159,12,16,80,44,0,7,11,3797,382,400675,86775,2496,932,577,29526,144633,12219,862,1132,10119,26421,3764,512,175,5601,18,5979,1089,4603,3195,47240,115,3623,9069,1644,624,184,12,17,349,16,16,23,0,403,0,47402,30641,497,37,2429,359,667,7084,134,132,388,449,29,127,215,276,164,159,75,0,1819,31,106,53,1065,321,145,2,5,0,45,71,0,227,153,873,2055,148,17,2,0,9,0,10273,2284,331,60,39,131,67,0,34,11,14135,463125,95343,2638,1125,811,32943,161934,19923,971,1828,17299,31898,4423,884,249,5890,71,6868,1378,5155,4260,52944,258,14032,9053,2371,464,59,51,788,16,68,96,6,5134,6705586,6510909,5334859,478947,13189,400675,1644,281595,194677,33178,161499,182722,79023,20130,38916,4419,40234,10964,991
40,MI,26,04000US26,Michigan,9900571,7823875,1381388,53951,268766,2083,109184,261324,24951,236373,8055451,1509779,144952,325398,9443,136914,53951,40533,262,44,489,597,103,3258,17,108,22118,645,0,36,95,180,0,120,3,0,1170,27,306,22,1643,274,12,3567,5,38,2850,29,49,6,124,692,197,29,11,14,18,12,18,1345,1746,341,113,27,53,70,42,36,48,9473,1810,268766,90301,9519,908,2452,1505,49748,25716,5069,618,11326,26373,2815,746,69,1831,21,10279,1270,2506,2003,17231,112,2832,3516,2083,909,267,16,0,305,12,201,0,0,342,31,151932,110188,1206,105,8158,1460,111,24914,183,536,38460,2818,0,154,423,696,235,384,104,10,3292,60,635,74,2773,794,51,8172,17,65,5923,175,123,529,296,2465,602,71,11,15,34,143,40,3871,5203,671,162,30,130,233,57,59,79,35791,330953,96958,10407,956,2665,1855,57378,38027,5336,990,19507,33806,3984,832,183,1943,86,11286,1451,3077,3718,20794,119,15595,9592,2971,969,23,62,667,12,324,91,1,4472,9900571,9639247,7823875,1381388,53951,268766,2083,109184,261324,24951,236373,242592,90883,61280,42356,13330,34743,17508,1224
40,MN,27,04000US27,Minnesota,5419171,4594367,299176,56561,240786,1970,82085,144226,11014,133212,4726169,362258,103666,281009,6873,94521,56561,45321,171,27,103,326,116,569,113,51,33695,521,0,14,38,49,29,48,0,7,170,41,19,127,950,203,25,31,62,4,234,72,0,24,36,6111,54,7,11,7,7,0,2,1247,1447,125,23,41,43,2,1,15,63,9339,266,240786,38200,796,412,9361,8619,27764,10003,69466,519,3928,16034,11146,284,94,1564,16,2153,577,1362,2287,27307,18,4144,4732,1970,653,384,66,13,237,24,311,11,34,208,29,104795,77263,424,27,1395,714,154,4115,144,103,49467,1080,6,32,137,198,43,88,10,7,781,45,27,230,1923,458,93,42,202,22,341,76,5,216,72,10724,332,46,14,7,22,18,2,3421,3295,422,41,182,69,72,1,57,80,23735,287878,42899,838,452,9657,10544,34598,17898,71762,833,8752,24206,13691,517,144,1884,55,2543,809,1644,4089,31521,65,8477,7003,2322,686,85,124,518,56,429,11,35,2737,5419171,5274945,4594367,299176,56561,240786,1970,82085,144226,11014,133212,133919,47684,34206,31564,4089,16376,9537,770
40,MS,28,04000US28,Mississippi,2988081,1768174,1116457,12896,28900,409,25911,35334,3464,31870,1798727,1136159,23962,35682,2014,29701,12896,10719,95,0,103,0,0,766,0,27,48,8529,0,15,0,97,0,0,0,84,0,0,6,0,184,162,8,53,20,0,0,0,10,189,10,22,0,19,0,13,2,22,0,235,461,12,0,0,12,0,0,0,14,1449,241,28900,6077,194,0,14,108,5168,3838,36,115,1207,1997,407,0,0,211,0,401,156,122,508,7753,0,309,279,409,141,48,0,0,90,0,0,3,0,98,29,24982,20085,332,0,414,26,12,5035,7,411,102,11021,0,58,0,356,24,74,0,293,135,0,56,7,231,307,8,90,20,0,4,0,10,224,23,120,57,29,0,13,2,22,0,562,1082,45,0,0,45,0,0,0,14,3756,36247,6921,194,0,14,132,5848,5870,36,348,2448,2902,566,42,5,211,8,401,156,157,622,8112,0,1254,2148,554,145,0,0,352,0,0,14,0,1083,2988081,2952747,1768174,1116457,12896,28900,409,25911,35334,3464,31870,32720,14098,7548,4112,1641,5321,2398,216
40,MO,29,04000US29,Missouri,6045448,4995527,697022,24951,106537,6161,67605,147645,13099,134546,5127616,764195,78508,138017,12717,82027,24951,18475,417,115,224,8,97,8469,44,339,469,1022,20,65,31,264,37,235,82,17,415,46,141,40,564,278,150,200,45,5,367,101,3,147,30,1080,97,32,28,1,0,22,8,2720,780,182,60,56,45,21,0,0,0,4727,787,106537,24620,589,233,1000,1041,23355,12785,1566,597,3002,9964,805,82,160,1137,20,3864,368,976,2124,15300,0,1501,1448,6161,1568,1399,196,75,754,125,1404,336,0,277,27,83174,62953,1605,189,3902,98,119,33352,561,999,1182,2868,41,300,220,943,285,437,116,33,1407,80,226,69,1107,587,698,309,73,5,1011,184,14,525,126,3484,347,72,28,74,0,78,8,5191,2582,717,125,222,94,275,0,1,47,16875,140597,27418,594,359,1025,1539,26973,21243,1612,862,7493,14380,1030,254,224,1186,66,4320,389,1122,3180,17415,0,7913,12803,3554,2343,232,172,1362,132,1629,352,0,3027,6045448,5897803,4995527,697022,24951,106537,6161,67605,147645,13099,134546,138060,49150,40070,22870,5792,20178,9213,372
40,MT,30,04000US30,Montana,1014699,904977,4757,65693,7187,848,5460,25777,1344,24433,929666,9493,81695,12403,2224,6918,65693,60061,138,268,11929,263,9,614,5640,68,2761,32,110,11,635,177,9964,12,120,0,89,0,13,0,37,654,7,3,29,0,106,17,77,0,284,5264,9,0,15,17,3,85,0,20601,651,171,49,12,36,30,0,44,34,3539,1237,7187,532,36,0,19,28,1584,1302,0,61,1098,1364,151,4,39,137,0,73,23,44,256,287,5,45,99,848,605,91,58,0,32,7,31,0,0,11,13,83274,74756,303,276,13625,359,9,2191,6453,181,4801,140,151,79,1063,245,10573,22,171,0,327,0,13,6,124,977,14,12,71,9,364,26,125,207,341,6450,9,0,15,17,24,125,0,24858,1093,396,124,16,86,116,0,54,80,6949,12645,842,36,0,19,28,2127,3351,0,65,2333,1884,278,10,71,197,10,163,23,56,347,414,5,386,2286,1172,262,113,0,78,7,52,0,0,602,1014699,988922,904977,4757,65693,7187,848,5460,25777,1344,24433,23983,3403,14206,3728,419,2227,1707,87
40,NE,31,04000US31,Nebraska,1869365,1647551,88195,16319,38066,1280,36359,41595,4802,36793,1685456,106051,30206,47471,3282,41432,16319,13407,94,49,56,24,234,541,88,43,116,96,0,15,0,17,0,0,5,0,78,0,102,0,487,455,24,0,4,13,80,33,0,6,23,4508,11,16,0,0,21,22,0,6146,357,58,0,0,54,4,0,0,21,2193,283,38066,6497,86,405,3420,291,5904,2340,294,104,1323,2835,881,100,29,1312,23,257,101,110,1368,9168,0,649,569,1280,414,142,14,0,323,171,159,0,2,51,4,30941,23757,478,76,525,48,242,2937,133,235,501,443,4,49,72,50,18,13,5,0,201,0,113,7,647,609,123,7,11,22,141,93,0,40,24,6982,200,21,0,11,126,101,0,8449,812,139,48,11,54,9,0,17,21,6212,48431,6862,86,450,3500,347,7213,4883,304,163,3363,4226,1104,150,34,1395,46,362,101,199,1882,9819,0,1942,3300,788,268,33,13,614,192,186,15,2,1189,1869365,1827770,1647551,88195,16319,38066,1280,36359,41595,4802,36793,38981,13655,10101,7254,1431,6540,2387,227
40,NV,32,04000US32,Nevada,2798636,1929661,235721,31393,214846,17942,246138,122935,19626,103309,2028300,275460,55498,271325,36054,267951,31393,24426,649,48,290,127,260,1186,15,92,529,451,6,124,29,101,37,14,237,0,276,175,33,59,1449,2062,83,32,5231,22,36,346,36,28,2237,772,93,85,101,55,9,161,55,6795,980,357,22,81,50,126,20,58,29,4394,1207,214846,11206,895,130,467,1828,32572,109846,49,408,10446,14429,2728,176,42,504,0,984,733,1266,6590,11630,45,1321,6551,17942,6668,3820,1141,337,3841,12,626,293,0,854,350,57684,45213,1352,78,1317,283,288,7361,92,378,971,1911,17,211,137,388,55,100,331,0,823,197,116,81,1987,3090,216,104,6841,108,344,452,78,137,2877,1665,364,117,111,410,13,431,63,9318,1815,726,148,113,157,176,20,112,83,9847,283559,12802,938,495,476,2547,44299,140859,78,894,22484,19423,3131,419,176,676,141,1186,797,1450,9918,15234,45,5091,37350,15545,5430,1568,474,5985,42,837,380,5,7084,2798636,2675701,1929661,235721,31393,214846,17942,246138,122935,19626,103309,111314,23927,14831,32397,3039,37120,10357,1264
40,NH,33,04000US33,New Hampshire,1324201,1241313,17439,2238,31364,228,7273,24346,2243,22103,1264353,25267,10823,38955,1152,9771,2238,1512,39,0,399,39,0,179,0,1,34,16,0,0,0,0,4,0,0,36,81,0,0,0,93,14,0,0,0,0,17,0,6,0,0,27,52,0,0,0,0,0,0,475,114,5,0,0,5,0,0,0,0,590,17,31364,9590,201,418,33,1036,6884,2389,14,926,738,2284,677,81,4,1613,0,777,33,219,437,2020,0,295,695,228,94,54,0,0,54,0,0,0,0,16,10,11289,8328,127,4,1300,133,37,1988,3,77,133,303,0,10,67,32,7,12,0,64,576,0,9,0,98,49,0,0,0,0,46,0,10,22,15,393,148,3,3,0,0,0,0,2659,359,85,2,5,69,9,0,0,4,2513,39973,10587,201,509,47,1456,8048,4091,24,1174,2006,3548,905,106,8,1823,0,922,33,240,754,2486,0,1005,1170,465,151,0,0,85,12,18,12,15,412,1324201,1299855,1241313,17439,2238,31364,228,7273,24346,2243,22103,22705,6154,7113,6355,254,2829,1528,113
40,NJ,34,04000US34,New Jersey,8904413,6083940,1202300,18335,804989,2808,568215,223826,52672,171154,6257974,1314132,61264,876171,12327,626462,18335,9676,56,0,240,49,703,1209,61,8,93,7,0,3,18,15,0,699,57,11,346,5,71,0,1795,122,0,22,0,0,9,19,0,42,14,212,1678,661,0,14,0,0,0,1437,1304,104,12,0,44,48,0,0,7,6815,429,804989,338600,9919,12,664,1482,140404,118269,185,1615,13086,97265,710,644,311,1504,0,28270,2679,7311,3265,24828,197,4915,8854,2808,654,192,14,16,609,11,197,219,0,869,27,63489,39932,408,28,3417,170,1311,11415,314,40,421,357,6,93,36,294,103,3006,90,15,1707,53,124,25,4187,672,38,33,15,10,98,117,7,696,29,814,4268,947,0,51,0,42,33,4442,3596,206,12,8,95,64,0,27,7,19748,888103,353215,10340,24,906,1844,156342,137703,238,2266,21065,104696,970,947,499,1577,17,29902,2920,8101,4726,28671,251,20883,12495,2235,452,42,54,1067,11,205,256,0,8173,8904413,8680587,6083940,1202300,18335,804989,2808,568215,223826,52672,171154,205449,67621,18787,43494,9124,66423,16805,1572
40,NM,35,04000US35,New Mexico,2084117,1524911,43738,190528,28761,1276,226850,68053,23997,44056,1579542,59334,215596,45587,3882,252501,190528,178011,8216,8,170,99,90,1065,205,346,478,541,25,372,5,145,97,80,387,7,217,104,15,40,946,113473,89,3,10,147,100,46625,31,121,110,942,65,297,353,149,42,156,50,1590,2112,176,21,0,80,58,17,0,54,6311,3864,28761,3988,0,0,37,129,6332,5473,52,174,2113,2092,574,16,0,231,0,322,85,472,1084,4569,20,529,469,1276,569,155,44,7,280,19,4,35,0,92,71,220385,206546,10143,51,617,128,108,4989,383,684,803,1916,25,626,42,286,128,104,1008,7,507,223,26,40,1627,122914,171,41,113,437,150,51530,79,322,321,1717,147,437,382,360,50,340,100,2464,3316,430,34,59,114,186,17,20,62,10031,46688,7808,0,0,49,221,8455,9527,59,278,4910,3673,730,52,42,238,18,481,90,654,1515,5202,24,2662,4126,1404,643,161,56,428,19,38,256,0,1121,2084117,2016064,1524911,43738,190528,28761,1276,226850,68053,23997,44056,64080,9232,16658,9008,1935,27247,3674,299
40,NY,36,04000US36,New York,19673174,12704637,3070392,74793,1570223,6485,1685765,560879,153078,407801,13131658,3344602,193357,1733149,26560,1853699,74793,44124,399,5,889,896,2854,4014,45,155,464,316,0,22,118,166,16,353,34,12,19016,71,19,19,3494,280,4,92,0,37,72,90,4,212,26,316,5829,839,0,0,0,54,0,2892,6371,472,74,46,209,143,0,0,197,22236,1393,1570223,351953,68124,2355,14668,5236,646095,114070,297,4788,37552,133332,3475,3079,586,10168,9,77827,5919,13994,11545,29535,446,13372,21798,6485,2000,580,35,52,943,30,400,99,0,2121,225,198210,125912,1618,41,7552,1285,14393,23785,259,393,1506,1662,0,424,327,557,258,1374,244,12,33014,98,177,58,6029,727,59,182,11,101,319,591,40,1505,68,1608,15150,1368,50,15,36,86,8,8922,11684,978,310,69,310,261,0,28,244,59392,1761434,390663,73080,2586,15966,6171,686712,140056,310,6611,54515,147446,4503,4200,747,10745,128,83012,6753,15630,14425,35989,546,60640,27143,5418,1391,95,333,1969,30,738,364,11,16794,19673174,19112295,12704637,3070392,74793,1570223,6485,1685765,560879,153078,407801,516276,154266,56087,98862,22691,184370,40524,4079
40,NC,37,04000US37,North Carolina,9845333,6839831,2115338,116143,244076,6244,292310,231391,28209,203182,7034563,2241952,190209,294535,14796,323820,116143,96687,548,0,608,129,229,16135,0,170,586,297,24,192,22,395,12,106,110,27,1740,26,61609,8,1794,675,117,46,0,23,112,109,16,179,96,612,271,105,0,12,52,23,35,9437,2732,536,134,20,187,195,0,0,52,14940,1196,244076,72627,669,122,4330,3816,40726,20812,11005,985,5899,19951,6001,580,25,3769,49,7551,882,1868,3318,32123,26,3068,3874,6244,1833,727,299,43,1348,107,1235,14,185,431,22,195379,157719,1675,0,4593,248,312,46260,101,604,1082,1521,105,411,188,943,105,371,246,39,3827,106,70495,92,3017,1143,203,84,63,40,267,283,24,487,253,1260,966,147,19,229,78,50,71,15711,5705,787,175,35,361,206,10,0,85,31083,301178,78852,726,481,4458,4688,47879,35500,11315,1435,12914,27280,7134,670,85,3956,128,8530,1126,2337,5300,36705,76,9603,15100,3817,1892,362,308,2439,107,1374,30,229,4542,9845333,9613942,6839831,2115338,116143,244076,6244,292310,231391,28209,203182,209898,81482,40357,33259,15638,39162,20127,1366
40,ND,38,04000US38,North Dakota,721640,640208,11872,38286,8979,304,5859,16132,952,15180,655444,16373,47287,11728,1083,6937,38286,34159,35,97,66,72,0,233,252,13,15840,4,0,0,6,9,55,0,24,0,23,2,0,32,1,212,37,0,11,2,19,3,0,0,18,11150,0,0,0,20,20,27,0,5876,1530,142,22,8,29,16,43,24,11,2104,340,8979,2030,42,372,0,16,1665,1450,18,131,292,500,16,0,12,636,0,138,73,36,189,1047,9,187,120,304,127,8,0,0,122,32,11,0,0,0,4,47807,41935,125,97,140,235,0,647,293,28,19404,48,18,16,63,15,61,0,183,0,116,2,0,32,19,224,37,7,43,2,21,8,4,0,18,12939,4,0,0,28,20,27,0,7011,2061,184,31,17,38,19,43,36,14,3613,12114,2322,42,407,0,45,1980,2434,18,131,758,865,103,0,12,677,0,191,83,36,334,1161,13,502,1087,403,33,0,4,205,40,15,0,0,387,721640,705508,640208,11872,38286,8979,304,5859,16132,952,15180,15074,3238,7961,2032,338,1505,1037,21
40,OH,39,04000US39,Ohio,11575977,9538328,1412045,21646,216170,3060,97516,287212,23289,263923,9799302,1585347,96544,269614,10872,123682,21646,13573,309,0,592,115,191,5393,0,86,741,370,0,256,77,178,41,159,25,8,456,0,172,48,507,393,44,21,32,0,41,115,0,58,62,803,1043,113,0,9,0,24,16,1075,812,374,29,18,98,0,18,211,53,5884,950,216170,71128,890,1978,1667,5310,50546,16582,589,1177,10351,16417,3546,469,194,4198,44,4115,1012,2931,2629,14909,72,2043,3373,3060,1133,299,30,30,572,268,269,18,47,349,45,101568,69824,1641,40,7408,221,356,36128,559,393,2056,2028,0,427,351,612,257,561,130,8,2064,103,491,87,1098,1196,101,114,51,17,184,255,35,410,188,3010,1938,171,7,104,0,58,93,4873,3879,741,76,33,244,97,41,250,74,27050,275545,77489,948,2334,1852,6357,57961,30186,694,1593,18684,22845,4885,795,217,4555,127,4770,1231,3420,4738,18058,101,11705,11120,3405,890,72,64,1379,278,342,84,65,4541,11575977,11288765,9538328,1412045,21646,216170,3060,97516,287212,23289,263923,266572,136900,47600,38949,10704,32419,19225,1415
40,OK,40,04000US40,Oklahoma,3849733,2813794,278571,279276,74570,4701,98885,299936,15087,284849,3086220,345252,512490,96584,8440,116233,279276,252244,2969,548,329,15,8,106161,1938,13937,330,45009,7,6017,21,23664,78,1961,60,0,2188,5463,61,13,1043,1072,4782,527,34,34,4960,229,104,6703,73,1118,214,39,117,18,26,56,154,20164,1905,360,16,35,244,33,21,11,103,14298,10366,74570,12602,502,0,1711,825,10140,6248,3897,933,2236,6113,1762,240,18,654,0,1987,289,350,1568,19069,7,2016,1403,4701,1086,439,19,67,685,1373,778,24,0,208,22,535766,493611,5759,1212,2955,133,36,215632,3253,31468,984,87298,64,10201,177,46539,158,3244,91,21,4233,7888,123,25,1864,1901,9018,895,76,94,8488,439,124,11943,147,3189,412,48,124,60,52,97,189,32957,4484,844,107,101,419,152,21,44,159,36668,99144,13810,511,0,1956,1032,13151,11647,3908,1046,7116,10147,2224,303,55,681,31,2253,289,423,2543,21271,14,4733,8569,2934,665,19,105,966,1376,813,27,0,1664,3849733,3549797,2813794,278571,279276,74570,4701,98885,299936,15087,284849,285466,33304,198810,14966,18806,19580,13522,948
40,OR,41,04000US41,Oregon,3939233,3352941,72837,46258,156695,15042,132667,162793,17054,145739,3501938,105962,117337,210781,29743,151789,46258,34152,573,192,611,257,94,3605,84,137,1657,1217,170,48,116,319,0,93,36,11,338,32,5,52,2772,545,129,73,465,43,224,126,506,21,39,1452,110,98,34,39,392,50,92,17295,1257,1319,134,284,64,740,56,41,150,7326,2054,156695,18775,226,470,1010,4501,36257,16901,2298,1122,13436,17192,4917,67,229,1124,81,627,293,1300,2702,27059,19,1327,4762,15042,3845,2101,909,96,1502,1109,3444,861,23,747,405,122593,92584,2235,211,4633,743,277,20818,328,856,3905,4764,246,263,642,813,221,264,110,30,1282,165,49,77,6838,1826,485,99,613,53,612,307,730,843,358,4649,473,102,105,133,747,612,102,29965,3756,3386,743,760,315,1221,126,221,269,22598,220555,23030,305,470,1190,5752,49161,33220,2490,2068,28468,23089,6387,201,321,1137,300,779,369,1520,4024,31006,38,5230,30513,10606,3593,1099,536,2539,1215,4075,1337,39,5474,3939233,3776440,3352941,72837,46258,156695,15042,132667,162793,17054,145739,148889,22111,58467,38365,2171,27775,12457,1447
40,PA,42,04000US42,Pennsylvania,12779559,10430142,1403143,23641,392595,4279,253070,272689,35774,236915,10664675,1561343,88782,453749,14701,292658,23641,15417,343,7,304,66,354,3280,48,164,484,96,32,74,59,178,20,419,16,0,802,55,239,0,2375,291,12,65,0,24,187,43,14,70,13,647,2086,394,30,7,26,39,0,2054,914,238,16,90,61,36,0,35,4,6385,683,392595,114874,4044,2034,2400,14671,100019,24680,1152,2395,7236,39803,2340,652,379,4656,0,10976,1043,2643,2708,42642,130,3701,7417,4279,1864,451,125,24,353,7,85,231,5,1105,29,93206,64388,1069,100,5488,191,795,22023,153,284,1384,806,32,205,103,693,182,1969,82,0,4532,64,525,57,3957,848,28,98,39,29,501,191,51,822,104,2542,8140,504,56,128,37,147,0,5429,4439,452,64,96,141,71,39,41,75,23852,463706,123690,4274,2467,2686,16271,112236,39217,1456,3115,14629,49017,3090,917,502,5003,13,11916,1300,3161,4099,49481,150,15016,15086,4204,1077,195,122,910,21,317,271,7,7962,12779559,12506870,10430142,1403143,23641,392595,4279,253070,272689,35774,236915,250573,113971,35582,42931,11450,46639,20723,1393
40,PR,72,04000US72,Puerto Rico,3583073,2495997,301519,11775,10159,129,431443,332051,19269,312782,2819232,613717,30282,12642,588,453261,11775,6085,0,0,0,0,602,0,0,0,0,0,0,0,0,0,0,0,0,0,0,0,0,0,272,8,0,0,0,0,0,16,0,0,0,0,5001,181,0,0,0,0,0,5,92,0,0,0,0,0,0,0,0,5548,50,10159,6832,0,0,0,0,1624,157,0,628,189,84,0,0,10,26,0,0,0,32,26,396,0,145,10,129,54,52,0,0,23,0,0,0,0,0,0,30413,18159,22,0,0,14,991,47,0,0,0,0,0,0,0,0,0,47,0,0,0,0,0,0,294,18,0,0,0,0,0,50,0,5,0,0,15681,835,0,0,0,0,0,155,300,26,0,0,17,0,0,9,0,11928,12660,8260,0,0,0,0,1887,338,0,628,300,115,0,0,10,26,0,0,0,32,26,464,0,574,627,93,84,0,0,76,0,0,8,0,366,3583073,3251022,2495997,301519,11775,10159,129,431443,332051,19269,312782,317795,292124,3526,637,1589,19919,13914,342
40,RI,44,04000US44,Rhode Island,1053661,854859,68243,5106,34213,373,61085,29782,6665,23117,877619,84071,13132,40570,1871,68578,5106,3737,0,0,220,0,57,425,0,0,17,0,0,7,0,24,0,5,0,0,0,0,0,0,76,37,0,0,0,0,0,37,0,33,0,7,301,0,0,0,0,0,19,2472,137,10,0,0,0,10,0,0,0,1137,85,34213,5362,329,75,382,5740,8375,2980,652,62,821,1597,2696,42,61,456,0,537,24,390,380,2177,26,303,746,373,154,0,0,0,110,0,0,77,0,28,4,13306,9418,150,98,493,79,122,1416,0,0,37,23,0,19,0,43,0,39,0,0,358,0,18,0,110,99,7,18,0,0,0,37,0,72,0,113,707,0,0,0,0,0,35,5325,705,45,0,0,35,10,0,0,0,3138,41730,6076,432,75,382,6401,9628,4351,685,94,1669,2103,3007,42,140,456,28,672,34,506,778,2691,32,1448,1880,388,40,0,0,186,0,0,87,0,1179,1053661,1023879,854859,68243,5106,34213,373,61085,29782,6665,23117,27520,8762,3642,4829,2439,7848,2151,111
40,SC,45,04000US45,South Carolina,4777576,3210708,1315058,14966,66982,2588,73324,93950,10215,83735,3290711,1367604,43007,85855,5952,84544,14966,11086,129,0,184,3,28,3200,34,150,167,117,0,49,18,188,9,40,0,0,177,9,2054,0,275,79,0,166,0,0,28,76,14,49,0,320,77,20,19,10,0,30,0,3367,303,141,94,33,7,7,0,0,17,3080,339,66982,15528,603,212,852,1895,12379,10739,2418,92,2274,5920,1143,33,0,126,0,887,129,679,1485,7448,36,1043,1061,2588,584,198,35,1,738,0,794,13,0,225,0,44275,32900,363,0,1160,75,201,16173,66,326,700,512,0,93,21,759,9,83,47,28,584,20,3143,19,904,148,31,212,31,4,55,120,21,301,39,896,302,36,19,16,0,62,0,5321,1827,343,152,91,7,68,0,25,20,9185,87922,17040,650,212,947,2148,14843,17514,2490,160,5098,8391,1214,64,19,126,33,1081,129,715,2229,8799,60,3960,6125,1622,456,49,7,1058,0,901,54,0,1978,4777576,4683626,3210708,1315058,14966,66982,2588,73324,93950,10215,83735,88179,37788,17742,12229,5692,14728,5418,353
40,SD,46,04000US46,South Dakota,843190,716691,13133,72619,10152,332,7940,22323,1306,21017,737542,18708,86811,12968,1039,9331,72619,66566,45,126,40,0,0,208,322,41,963,74,30,3,0,17,85,0,45,0,52,122,0,22,97,356,0,0,7,0,71,15,0,8,39,62600,0,0,0,0,0,7,11,1160,648,96,70,23,2,1,0,0,3,5055,251,10152,1180,5,311,1548,128,1736,1326,24,44,161,1028,436,0,6,286,0,149,38,14,687,658,8,233,146,332,44,48,86,0,115,0,0,0,0,39,0,87126,78067,57,135,83,31,0,467,455,165,1114,207,30,3,15,86,104,17,45,0,140,122,8,29,368,581,0,0,7,0,182,15,2,52,49,71735,13,6,0,0,0,7,11,1726,1300,177,114,59,2,2,0,0,3,7579,13263,1319,5,375,1548,160,2140,2211,32,79,576,1547,475,0,43,328,37,314,52,14,854,792,8,354,1042,134,96,131,0,268,0,0,0,0,413,843190,820867,716691,13133,72619,10152,332,7940,22323,1306,21017,21478,4046,12547,2079,721,2085,804,41
40,TN,47,04000US47,Tennessee,6499615,5059894,1091070,17802,102027,3323,96739,128760,12111,116649,5177822,1150035,62985,127361,8649,110209,17802,12714,427,0,67,36,26,5897,232,107,290,562,0,53,18,198,0,283,207,0,351,5,80,13,1325,154,57,84,0,13,176,64,23,46,7,641,209,142,3,0,0,0,0,918,957,250,61,4,116,46,0,23,88,3334,459,102027,25668,1087,426,886,1939,16339,10323,262,296,4313,10507,7190,297,14,1574,7,2564,240,800,1613,12557,12,1583,1530,3323,813,608,22,25,1084,19,361,9,13,365,4,66016,51468,1099,0,1988,107,152,34235,333,492,690,1692,0,310,44,723,341,298,207,0,1004,21,434,13,1625,461,257,114,27,13,273,223,45,490,7,1006,414,185,11,4,0,30,0,2100,2413,423,64,4,169,163,0,23,165,11547,130077,28175,1087,473,949,2221,19406,16329,262,477,8082,14186,8367,468,25,1684,44,2866,257,1103,2649,13875,48,7044,8770,2802,859,22,90,1578,19,478,9,13,2900,6499615,6370855,5059894,1091070,17802,102027,3323,96739,128760,12111,116649,120881,46132,35874,18230,3398,17247,7127,752
40,TX,48,04000US48,Texas,26538614,19874610,3152917,126493,1124011,21655,1585866,653062,149597,503465,20431817,3390604,321654,1295773,48556,1747949,126493,78197,5788,119,740,121,459,16293,222,3501,938,10702,143,2138,54,1880,124,358,334,492,614,720,178,42,13842,3342,831,283,20,164,995,2453,37,524,98,2040,635,664,167,96,21,412,17,5596,5076,611,86,77,165,211,0,72,272,39349,2988,1124011,309002,8593,1925,14770,13549,176763,118880,773,4862,20260,71979,13297,1516,58,12190,12,58374,3702,12324,14518,237881,389,10663,17731,21655,6689,2943,1935,203,5435,460,2470,68,0,1031,421,338384,230079,14041,658,6583,576,1448,80298,821,8755,2716,33078,412,6975,398,5044,336,984,569,678,1725,1109,367,239,22518,6067,1643,489,51,287,2059,3319,66,2316,494,5553,2058,1067,199,247,48,1093,33,12662,12895,1123,158,180,339,312,12,122,478,93809,1322330,326558,9315,2139,15362,16397,206796,163242,986,6817,45053,91581,16275,1925,187,13444,134,62789,4158,14164,20871,258806,566,44765,49970,14627,4787,2365,379,9502,584,3227,188,0,14311,26538614,25885552,19874610,3152917,126493,1124011,21655,1585866,653062,149597,503465,612271,155268,139789,112891,21850,182473,37354,3437
40,UT,49,04000US49,Utah,2903379,2544735,31909,31824,64102,26147,129907,74755,12962,61793,2612623,46887,50536,90554,40427,144146,31824,27772,497,196,187,21,23,915,126,34,134,287,0,57,41,68,37,0,343,5,153,18,0,0,706,15674,20,18,783,27,52,136,0,0,769,525,425,92,184,3988,0,73,34,1124,420,340,39,20,52,121,0,108,0,2421,871,64102,7379,205,516,1483,2279,12565,7299,135,325,6885,5836,2840,41,319,1721,90,712,68,630,1711,8639,0,704,1720,26147,2074,8392,12117,268,342,924,80,293,0,356,1301,52366,44563,1246,222,647,145,30,4471,202,157,372,878,0,215,135,150,46,181,443,11,325,19,0,19,1146,19936,64,18,1101,37,221,442,21,46,1403,1684,654,117,184,4929,0,132,54,2460,1055,626,54,20,323,121,0,108,13,6109,94565,8695,212,516,1572,2691,18698,14331,171,687,14379,8651,3610,103,356,1721,180,933,68,947,2869,10026,23,3126,43116,7178,12857,16599,1313,597,949,381,498,0,2744,2903379,2828624,2544735,31909,31824,64102,26147,129907,74755,12962,61793,68438,10447,13424,18970,985,24612,5767,550
40,VT,50,04000US50,Vermont,626604,594443,6949,2018,8774,249,2002,12169,528,11641,606073,10233,7935,11992,636,2612,2018,1140,0,0,96,8,14,149,3,0,35,18,0,0,2,4,14,0,2,0,69,0,38,0,53,0,0,0,0,0,1,0,0,9,0,39,6,0,0,14,8,0,0,558,38,19,11,0,8,0,0,0,0,703,118,8774,1192,7,555,201,73,1903,715,0,184,305,1117,252,5,0,690,0,61,0,86,231,980,0,92,125,249,107,0,0,17,54,0,0,0,28,43,0,8431,5848,34,0,647,72,46,953,44,13,128,114,0,0,25,34,32,17,2,0,606,2,40,0,59,52,16,5,0,0,6,0,0,34,38,183,27,0,0,120,17,0,4,2478,214,31,16,5,10,0,0,0,0,2338,12242,1427,7,555,201,82,2394,1425,0,194,818,1616,314,38,0,690,0,96,11,128,441,1326,62,417,670,228,25,17,31,81,0,0,0,28,260,626604,614435,594443,6949,2018,8774,249,2002,12169,528,11641,11478,2482,5169,2754,103,970,678,13
40,VA,51,04000US51,Virginia,8256630,5695147,1589345,22570,492973,5304,183124,268167,29832,238335,5923173,1717174,81614,594021,16746,216899,22570,15634,587,26,217,55,290,3669,17,151,415,399,0,62,61,466,12,47,0,0,361,46,667,28,1594,430,28,19,13,0,218,62,25,31,26,451,813,259,0,0,0,63,18,4008,1267,404,92,94,160,35,16,7,22,4536,707,492973,120754,7394,804,1595,7425,66040,72616,343,1635,11005,70813,2787,578,2266,7499,2,32250,1837,2850,7737,60728,47,5028,8940,5304,1507,821,34,151,1793,15,614,65,15,260,29,85100,61199,1619,36,3942,261,492,25248,268,440,954,1636,5,345,274,1116,256,241,136,16,2081,90,1319,49,2255,949,233,149,45,44,466,120,25,491,191,1780,2547,584,7,10,0,258,18,10203,3573,632,133,121,251,62,58,7,25,19671,607827,131077,8164,844,1801,8460,81843,103088,484,2339,23653,86147,3659,888,2542,7718,26,34175,2036,3451,11228,68836,110,25258,17072,4500,1627,43,447,3172,80,780,114,33,6276,8256630,7988463,5695147,1589345,22570,492973,5304,183124,268167,29832,238335,245088,83159,30565,72694,11699,46971,21376,1703
40,WA,53,04000US53,Washington,6985464,5434177,253224,93266,535501,44159,264432,360705,34969,325736,5751893,360719,206860,680356,80406,305039,93266,73156,485,341,2208,1098,235,4157,529,254,2709,1175,6746,103,140,441,256,147,129,27,421,51,95,67,2913,1204,200,30,167,100,398,295,12249,69,66,2680,262,128,23,69,7791,185,23,22490,1735,5834,616,1058,1076,2187,369,528,582,9796,2163,535501,79491,538,1148,1719,20669,108503,93143,1815,3304,37321,62568,10165,520,956,2444,83,3738,610,5665,6389,73051,261,3697,17703,44159,6772,13722,1660,480,9528,1948,3786,2772,16,1719,1756,215861,162065,2798,557,11324,2467,614,28325,1035,1420,6770,4859,9542,606,639,1467,742,497,289,87,1574,199,276,373,4969,2582,914,126,303,209,733,723,17963,852,332,6616,737,282,74,242,9827,479,147,37495,4876,13523,1290,2921,1995,5120,1047,1150,909,34488,711442,87483,679,1217,1890,26357,139267,146111,2374,4717,75401,85066,13694,960,1156,2764,307,4311,812,7279,11397,84192,397,13611,84103,22851,20065,2531,1146,15747,2135,4950,3281,16,11381,6985464,6624759,5434177,253224,93266,535501,44159,264432,360705,34969,325736,324990,67199,80379,100351,7839,69222,32758,2957
40,WV,54,04000US54,West Virginia,1851420,1732235,61367,2953,13485,625,4566,36189,1512,34677,1766068,78166,19768,17879,1537,6195,2953,2279,5,0,29,12,15,1387,0,0,47,43,0,0,90,24,0,6,25,0,100,0,41,0,47,0,0,0,0,9,42,54,0,0,13,121,13,0,4,0,0,0,0,152,101,20,0,10,0,0,0,10,0,473,80,13485,3217,21,0,61,0,3227,1970,0,34,485,1224,51,25,0,150,15,284,40,71,277,1553,35,593,152,625,268,126,10,0,61,0,0,4,0,156,0,20194,13745,112,32,1189,92,15,9334,159,69,140,179,0,51,90,51,44,178,25,0,345,0,52,0,110,56,116,0,11,43,59,54,0,12,18,368,47,0,4,0,0,0,0,690,647,37,0,10,0,5,0,22,0,5765,18169,3624,26,0,61,0,3686,3452,6,34,1096,1796,114,51,9,150,44,318,60,71,356,1790,35,1390,1560,621,235,55,17,161,0,0,4,0,467,1851420,1815231,1732235,61367,2953,13485,625,4566,36189,1512,34677,34314,13668,13813,3465,1234,2134,1746,129
40,WI,55,04000US55,Wisconsin,5742117,4967124,360792,50449,143732,1233,96057,122730,14839,107891,5078473,415117,92606,169762,5409,111985,50449,43565,183,25,131,167,25,828,6,131,15736,115,0,43,0,33,3,8,87,0,6468,24,13,7222,408,259,28,240,0,42,1532,5,0,3,9,874,166,13,0,37,0,17,10,8674,885,290,74,60,95,31,0,30,43,4832,834,143732,27658,122,64,1815,1055,20426,8723,52233,172,2769,8272,3943,265,204,1010,6,3204,342,547,1380,5102,41,2387,1992,1233,414,219,1,0,326,8,92,28,0,143,2,95429,77967,874,45,1917,434,40,8335,463,505,22863,1136,3,91,152,273,176,44,185,0,10412,50,59,9491,872,930,191,353,7,118,2190,78,6,57,21,2031,454,33,0,52,0,47,21,12958,2292,586,97,94,213,126,13,43,57,14527,173034,30369,130,64,1897,1365,23880,14695,54641,449,7346,11871,5437,340,204,1186,139,3504,381,839,2548,6301,86,5362,5622,1864,492,35,74,814,14,92,77,23,2137,5742117,5619387,4967124,360792,50449,143732,1233,96057,122730,14839,107891,114623,40561,30838,20022,4185,19017,7736,371
40,WY,56,04000US56,Wyoming,579679,527763,6142,12658,5319,423,11885,15489,1920,13569,542374,9773,21235,7665,1357,13931,12658,11241,13,5237,71,0,0,121,265,0,256,182,0,8,47,0,198,9,30,0,24,4,17,0,308,417,3,3,4,0,18,34,0,6,2448,824,139,25,0,34,0,35,0,461,103,21,5,5,0,11,0,0,0,988,305,5319,672,3,0,0,61,1028,1168,25,31,717,502,6,0,0,56,0,119,7,15,260,527,0,33,89,423,52,230,9,40,72,0,0,14,0,6,0,22073,18755,259,5736,530,9,0,1725,317,102,656,723,0,27,114,25,236,22,103,0,84,90,17,0,674,728,32,3,4,1,47,82,56,46,3119,1834,167,25,0,107,37,67,0,951,317,95,13,16,51,11,0,4,10,2896,7933,683,3,0,11,141,1429,1964,25,133,1266,882,6,0,0,66,14,119,7,26,376,622,0,160,1357,686,248,24,71,92,0,0,14,0,222,579679,564190,527763,6142,12658,5319,423,11885,15489,1920,13569,14345,2766,7499,1570,104,2406,1121,23
