0,"{'lat': 38.4739487, 'lng': -121.4337757}"
1,"{'lat': 33.645164, 'lng': -84.2294129}"
2,"{'lat': 39.8944106, 'lng': -79.71861109999999}"
3,"{'lat': 33.7527031, 'lng': -84.3811976}"
4,"{'lat': 40.87368740000001, 'lng': -88.6428061}"
5,"{'lat': 34.1579411, 'lng': -117.3616521}"
6,"{'lat': 35.2390502, 'lng': -80.9183189}"
7,"{'lat': 40.8673455, 'lng': -97.5917783}"
8,"{'lat': 33.9156779, 'lng': -118.1250809}"
9,"{'lat': 38.9106485, 'lng': -82.92492999999999}"
10,"{'lat': 33.9250804, 'lng': -117.2497956}"
11,"{'lat': 31.98979, 'lng': -81.07615799999999}"
12,"{'lat': 40.733512, 'lng': -111.8712887}"
13,"{'lat': 40.00015459999999, 'lng': -75.2287372}"
14,"{'lat': 39.919103, 'lng': -75.234483}"
15,"{'lat': 40.4897123, 'lng': -79.79548559999999}"
16,"{'lat': 35.4496763, 'lng': -97.3884482}"
17,"{'lat': 32.9187447, 'lng': -96.6522267}"
18,"{'lat': 33.476923, 'lng': -112.111356}"
19,"{'lat': 32.3557899, 'lng': -90.14193619999999}"
20,"{'lat': 37.6686407, 'lng': -120.9916252}"
21,"{'lat': 39.3649589, 'lng': -101.0524}"
22,"{'lat': 33.75998360000001, 'lng': -117.7923329}"
23,"{'lat': 39.9516357, 'lng': -75.7251677}"
24,"{'lat': 41.51386670000001, 'lng': -88.0727955}"
25,"{'lat': 39.5277048, 'lng': -119.8074243}"
26,"{'lat': 40.768562, 'lng': -73.9186771}"
27,"{'lat': 33.6729392, 'lng': -84.3979573}"
28,"{'lat': 33.6407755, 'lng': -111.9961723}"
29,"{'lat': 44.3660924, 'lng': -70.42220019999999}"
30,"{'lat': 39.221233, 'lng': -94.634531}"
31,"{'lat': 34.6066939, 'lng': -92.53406760000001}"
32,"{'lat': 33.641526, 'lng': -112.089133}"
33,"{'lat': 40.07812699999999, 'lng': -75.17747}"
34,"{'lat': 39.9313393, 'lng': -82.9958454}"
35,"{'lat': 35.15272059999999, 'lng': -106.5880844}"
36,"{'lat': 37.7556261, 'lng': -122.1674199}"
37,"{'lat': 21.378312, 'lng': -158.143267}"
38,"{'lat': 38.4371971, 'lng': -90.3742276}"
39,"{'lat': 40.7036602, 'lng': -74.07813209999999}"
40,"{'lat': 41.8242415, 'lng': -71.4395676}"
41,"{'lat': 33.4937769, 'lng': -112.2139384}"
42,"{'lat': 32.7266073, 'lng': -117.0717535}"
43,"{'lat': 40.9093694, 'lng': -98.3440383}"
44,"{'lat': 32.680431, 'lng': -117.090553}"
45,"{'lat': 40.0549579, 'lng': -75.05397959999999}"
46,"{'lat': 40.0549579, 'lng': -75.05397959999999}"
47,"{'lat': 40.943345, 'lng': -80.40067599999999}"
48,"{'lat': 33.7691442, 'lng': -118.1820822}"
49,"{'lat': 26.2255593, 'lng': -80.09607580000001}"
50,"{'lat': 26.3686824, 'lng': -80.14563629999999}"
51,"{'lat': 42.2136461, 'lng': -83.1940987}"
52,"{'lat': 42.2136814, 'lng': -83.1938669}"
53,"{'lat': 30.5393138, 'lng': -89.7195706}"
54,"{'lat': 34.0514934, 'lng': -118.2008155}"
55,"{'lat': 42.097677, 'lng': -88.752031}"
56,"{'lat': 40.2677739, 'lng': -76.86985200000001}"
57,"{'lat': 32.747865, 'lng': -117.1143741}"
58,"{'lat': 21.338593, 'lng': -158.0217318}"
59,"{'lat': 21.338593, 'lng': -158.0217318}"
60,"{'lat': 37.3817702, 'lng': -94.70700599999999}"
61,"{'lat': 29.792769, 'lng': -91.5073084}"
62,"{'lat': 39.0995847, 'lng': -76.857108}"
63,"{'lat': 37.9117335, 'lng': -121.2253337}"
64,"{'lat': 38.572804, 'lng': -121.2951513}"
65,"{'lat': 36.175923, 'lng': -115.2371049}"
66,"{'lat': 40.685478, 'lng': -73.810898}"
67,"{'lat': 39.9363052, 'lng': -105.0113116}"
68,"{'lat': 34.0053546, 'lng': -118.0740818}"
69,"{'lat': 33.747926, 'lng': -116.9599159}"
70,"{'lat': 38.8411212, 'lng': -104.7387451}"
71,"{'lat': 45.06346509999999, 'lng': -93.3018704}"
72,"{'lat': 32.7539193, 'lng': -117.2180373}"
73,"{'lat': 34.211594, 'lng': -118.2316188}"
74,"{'lat': 41.66104, 'lng': -83.531252}"
75,"{'lat': 36.8713337, 'lng': -94.86809910000001}"
76,"{'lat': 34.018269, 'lng': -118.2822523}"
77,"{'lat': 40.0221093, 'lng': -75.1161}"
78,"{'lat': 40.6678538, 'lng': -89.62397709999999}"
79,"{'lat': 39.1023961, 'lng': -94.5484488}"
80,"{'lat': 29.6682478, 'lng': -95.31253099999999}"
81,"{'lat': 40.7004723, 'lng': -89.5784693}"
82,"{'lat': 33.9934303, 'lng': -118.116267}"
83,"{'lat': 36.8299658, 'lng': -119.8511558}"
84,"{'lat': 39.2235536, 'lng': -95.6544751}"
85,"{'lat': 33.639381, 'lng': -117.6796065}"
86,"{'lat': 33.7246463, 'lng': -84.40384619999999}"
87,"{'lat': 41.0616031, 'lng': -111.9453025}"
88,"{'lat': 32.7186342, 'lng': -117.1578401}"
89,"{'lat': 25.8859021, 'lng': -80.1820571}"
90,"{'lat': 38.6560148, 'lng': -90.23960679999999}"
91,"{'lat': 27.9655835, 'lng': -82.7876565}"
92,"{'lat': 33.6424331, 'lng': -84.4859979}"
93,"{'lat': 34.0370853, 'lng': -118.248733}"
94,"{'lat': 38.6731874, 'lng': -90.31225130000001}"
95,"{'lat': 37.6707246, 'lng': -122.4849978}"
96,"{'lat': 35.4314766, 'lng': -97.4769314}"
97,"{'lat': 32.955881, 'lng': -117.1298553}"
98,"{'lat': 41.8126818, 'lng': -87.62292699999999}"
99,"{'lat': 41.1762668, 'lng': -96.0235745}"
100,"{'lat': 41.1762668, 'lng': -96.0235745}"
101,"{'lat': 40.825276, 'lng': -73.877713}"
102,"{'lat': 40.8284707, 'lng': -73.9476522}"
103,"{'lat': 35.04774099999999, 'lng': -82.106044}"
104,"{'lat': 39.562075, 'lng': -76.373452}"
105,"{'lat': 37.2818031, 'lng': -121.8279775}"
106,"{'lat': 40.8878066, 'lng': -98.60786560000001}"
107,"{'lat': 29.7992955, 'lng': -95.5172061}"
108,"{'lat': 38.4522007, 'lng': -122.6198625}"
109,"{'lat': 35.156905, 'lng': -81.853404}"
110,"{'lat': 33.50379, 'lng': -86.973961}"
111,"{'lat': 32.5517528, 'lng': -116.9358272}"
112,"{'lat': 40.336173, 'lng': -79.9708675}"
113,"{'lat': 47.6570362, 'lng': -117.3392951}"
114,"{'lat': 38.7695936, 'lng': -90.4899216}"
115,"{'lat': 33.3352805, 'lng': -111.8243609}"
116,"{'lat': 35.5293676, 'lng': -108.7090367}"
117,"{'lat': 35.5293676, 'lng': -108.7090367}"
118,"{'lat': 35.5293676, 'lng': -108.7090367}"
119,"{'lat': 39.96222119999999, 'lng': -83.0006428}"
120,"{'lat': 39.1401834, 'lng': -84.49359729999999}"
121,"{'lat': 34.1313887, 'lng': -117.3008823}"
122,"{'lat': 39.0941639, 'lng': -94.5245676}"
123,"{'lat': 41.948123, 'lng': -87.655531}"
124,"{'lat': 40.754091, 'lng': -73.99207899999999}"
125,"{'lat': 29.9673644, 'lng': -90.0424063}"
126,"{'lat': 38.4006069, 'lng': -122.7138386}"
127,"{'lat': 39.28628860000001, 'lng': -76.50896080000001}"
128,"{'lat': 39.7383026, 'lng': -104.9315471}"
129,"{'lat': 39.7383026, 'lng': -104.9315471}"
130,"{'lat': 29.6635277, 'lng': -95.1961638}"
131,"{'lat': 37.7620801, 'lng': -122.1828789}"
132,"{'lat': 34.5407853, 'lng': -82.52015349999999}"
133,"{'lat': 34.6179659, 'lng': -82.4963641}"
134,"{'lat': 42.9828765, 'lng': -108.6210621}"
135,"{'lat': 30.858972, 'lng': -89.1877106}"
136,"{'lat': 30.858972, 'lng': -89.1877106}"
137,"{'lat': 29.373446, 'lng': -98.48157220000002}"
138,"{'lat': 39.955105, 'lng': -76.735969}"
139,"{'lat': 40.78911069999999, 'lng': -81.37330779999999}"
140,"{'lat': 40.78911069999999, 'lng': -81.37330779999999}"
141,"{'lat': 40.78911069999999, 'lng': -81.37330779999999}"
142,"{'lat': 39.3680032, 'lng': -121.6989457}"
143,"{'lat': 40.7454317, 'lng': -89.7492413}"
144,"{'lat': 30.3647826, 'lng': -81.66974019999999}"
145,"{'lat': 34.6812002, 'lng': -87.4059381}"
146,"{'lat': 34.0171944, 'lng': -118.2691859}"
147,"{'lat': 40.6842918, 'lng': -73.9104717}"
148,"{'lat': 40.6842918, 'lng': -73.9104717}"
149,"{'lat': 30.2746126, 'lng': -97.721093}"
150,"{'lat': 40.7520043, 'lng': -111.919564}"
151,"{'lat': 34.0874487, 'lng': -118.1704436}"
152,"{'lat': 41.1008678, 'lng': -81.4412256}"
153,"{'lat': 33.8106783, 'lng': -118.1511281}"
154,"{'lat': 33.1033056, 'lng': -83.2488862}"
155,"{'lat': 38.567156, 'lng': -121.495906}"
156,"{'lat': 37.4906728, 'lng': -120.9035684}"
157,"{'lat': 37.8238713, 'lng': -122.3106904}"
158,"{'lat': 33.7712906, 'lng': -84.4339595}"
159,"{'lat': 31.560895, 'lng': -85.928398}"
160,"{'lat': 34.118236, 'lng': -91.37801499999999}"
161,"{'lat': 34.1565944, 'lng': -118.832224}"
162,"{'lat': 30.3992449, 'lng': -89.09289539999999}"
163,"{'lat': 39.9982976, 'lng': -75.2326885}"
164,"{'lat': 42.76831929999999, 'lng': -73.2416476}"
165,"{'lat': 38.8317063, 'lng': -104.7770746}"
166,"{'lat': 33.3356142, 'lng': -111.7555851}"
167,"{'lat': 38.5451238, 'lng': -122.8038871}"
168,"{'lat': 33.7272402, 'lng': -117.9001445}"
169,"{'lat': 35.0365477, 'lng': -85.1949831}"
170,"{'lat': 37.86807, 'lng': -122.2783559}"
171,"{'lat': 40.6891593, 'lng': -73.9820324}"
172,"{'lat': 47.6185654, 'lng': -122.3463437}"
173,"{'lat': 33.8423341, 'lng': -116.5281682}"
174,"{'lat': 39.32201999999999, 'lng': -94.2404574}"
175,"{'lat': 33.57340670000001, 'lng': -102.377422}"
176,"{'lat': 33.7599399, 'lng': -84.7236496}"
177,"{'lat': 39.0006879, 'lng': -94.58283}"
178,"{'lat': 61.19578879999999, 'lng': -149.8857397}"
179,"{'lat': 39.2128812, 'lng': -84.5993683}"
180,"{'lat': 29.6952477, 'lng': -95.2880565}"
181,"{'lat': 33.8076842, 'lng': -92.40751619999999}"
182,"{'lat': 39.840892, 'lng': -89.59402709999999}"
183,"{'lat': 40.731252, 'lng': -73.8905209}"
184,"{'lat': 33.460166, 'lng': -112.0258947}"
185,"{'lat': 35.2179985, 'lng': -101.8427239}"
186,"{'lat': 38.7134398, 'lng': -90.2547683}"
187,"{'lat': 34.0013457, 'lng': -118.3329384}"
188,"{'lat': 33.9369666, 'lng': -118.2137117}"
189,"{'lat': 37.8326939, 'lng': -122.4811496}"
190,"{'lat': 47.4974486, 'lng': -122.2999705}"
191,"{'lat': 33.789539, 'lng': -118.197277}"
192,"{'lat': 33.9965309, 'lng': -84.577992}"
193,"{'lat': 34.6080464, 'lng': -82.11365649999999}"
194,"{'lat': 33.4748258, 'lng': -79.1099413}"
195,"{'lat': 34.6080464, 'lng': -82.11365649999999}"
196,"{'lat': 34.7755801, 'lng': -89.507206}"
197,"{'lat': 36.7224024, 'lng': -108.2215247}"
198,"{'lat': 33.7926582, 'lng': -118.1841472}"
199,"{'lat': 39.752968, 'lng': -105.030314}"
200,"{'lat': 28.0362463, 'lng': -82.4346216}"
201,"{'lat': 28.0362463, 'lng': -82.4346216}"
202,"{'lat': 37.9604903, 'lng': -121.2513973}"
203,"{'lat': 34.182648, 'lng': -118.4487327}"
204,"{'lat': 41.682697, 'lng': -87.6820915}"
205,"{'lat': 39.9752293, 'lng': -75.3336972}"
206,"{'lat': 37.9731659, 'lng': -121.9683271}"
207,"{'lat': 37.9731659, 'lng': -121.9683271}"
208,"{'lat': 38.3493195, 'lng': -122.7286541}"
209,"{'lat': 38.4549015, 'lng': -122.7143555}"
210,"{'lat': 37.7642723, 'lng': -122.2675352}"
211,"{'lat': 25.5625644, 'lng': -80.3852074}"
212,"{'lat': 38.3501456, 'lng': -91.4973801}"
213,"{'lat': 39.7112538, 'lng': -104.8470999}"
214,"{'lat': 44.31176900000001, 'lng': -69.7866509}"
215,"{'lat': 27.4488326, 'lng': -80.3356866}"
216,"{'lat': 39.9431699, 'lng': -83.0755128}"
217,"{'lat': 40.3638474, 'lng': -79.84294899999999}"
218,"{'lat': 34.4180066, 'lng': -85.76962619999999}"
219,"{'lat': 34.0243273, 'lng': -117.425389}"
220,"{'lat': 34.2600297, 'lng': -116.8665512}"
221,"{'lat': 32.8538908, 'lng': -83.6061314}"
222,"{'lat': 33.8326844, 'lng': -117.9369716}"
223,"{'lat': 41.873359, 'lng': -87.72079500000001}"
224,"{'lat': 39.7402021, 'lng': -105.081467}"
225,"{'lat': 39.7402021, 'lng': -105.081467}"
226,"{'lat': 35.3048326, 'lng': -119.0155443}"
227,"{'lat': 44.9412119, 'lng': -93.2629432}"
228,"{'lat': 36.0073948, 'lng': -96.11061060000002}"
229,"{'lat': 30.1607407, 'lng': -91.9708783}"
230,"{'lat': 27.9915195, 'lng': -82.4948807}"
231,"{'lat': 32.9040099, 'lng': -80.0853352}"
232,"{'lat': 38.8906221, 'lng': -76.8088223}"
233,"{'lat': 42.6755127, 'lng': -73.7468473}"
234,"{'lat': 37.9783551, 'lng': -121.3417676}"
235,"{'lat': 34.1070755, 'lng': -118.3309411}"
236,"{'lat': 38.8343174, 'lng': -76.9610581}"
237,"{'lat': 33.7935429, 'lng': -81.935454}"
238,"{'lat': 34.0323066, 'lng': -118.1472092}"
239,"{'lat': 34.285409, 'lng': -118.8808913}"
240,"{'lat': 36.7317906, 'lng': -119.7982246}"
241,"{'lat': 42.398325, 'lng': -71.108412}"
242,"{'lat': 45.6402479, 'lng': -110.5882976}"
243,"{'lat': 42.4802775, 'lng': -92.3571576}"
244,"{'lat': 34.9383755, 'lng': -81.9619055}"
245,"{'lat': 40.616827, 'lng': -73.992509}"
246,"{'lat': 34.0336569, 'lng': -81.0754075}"
247,"{'lat': 26.6450748, 'lng': -81.858368}"
248,"{'lat': 41.5790388, 'lng': -87.6630645}"
249,"{'lat': 40.4404428, 'lng': -79.9891887}"
250,"{'lat': 28.5669363, 'lng': -81.20756089999999}"
251,"{'lat': 34.9965997, 'lng': -78.9010378}"
252,"{'lat': 36.7696341, 'lng': -119.777042}"
253,"{'lat': 33.9020203, 'lng': -84.5413871}"
254,"{'lat': 29.7030471, 'lng': -95.219144}"
255,"{'lat': 26.5288645, 'lng': -80.0672677}"
256,"{'lat': 43.6236318, 'lng': -116.2742055}"
257,"{'lat': 34.0402614, 'lng': -118.5544137}"
258,"{'lat': 28.1395175, 'lng': -82.74872429999999}"
259,"{'lat': 30.423967, 'lng': -91.13949699999999}"
260,"{'lat': 37.8939982, 'lng': -121.6103372}"
261,"{'lat': 39.7403089, 'lng': -105.0578916}"
262,"{'lat': 35.0020017, 'lng': -82.01257849999999}"
263,"{'lat': 33.4316448, 'lng': -86.12013420000001}"
264,"{'lat': 37.6375325, 'lng': -120.8984236}"
265,"{'lat': 37.6897044, 'lng': -121.8728921}"
266,"{'lat': 32.8781179, 'lng': -96.8960164}"
267,"{'lat': 44.9489637, 'lng': -93.29986889999999}"
268,"{'lat': 38.721723, 'lng': -90.316599}"
269,"{'lat': 38.721723, 'lng': -90.316599}"
270,"{'lat': 40.4066249, 'lng': -79.8290761}"
271,"{'lat': 34.001905, 'lng': -118.3020161}"
272,"{'lat': 41.7219349, 'lng': -87.6141482}"
273,"{'lat': 32.0202757, 'lng': -90.0525718}"
274,"{'lat': 32.0202757, 'lng': -90.0525718}"
275,"{'lat': 32.0202757, 'lng': -90.0525718}"
276,"{'lat': 37.0558584, 'lng': -100.9455733}"
277,"{'lat': 41.7704189, 'lng': -87.64976399999999}"
278,"{'lat': 27.796687, 'lng': -97.46157799999999}"
279,"{'lat': 37.2317983, 'lng': -85.80508239999999}"
280,"{'lat': 37.8080504, 'lng': -122.4763747}"
281,"{'lat': 41.7797569, 'lng': -87.683584}"
282,"{'lat': 39.9557706, 'lng': -83.0566688}"
283,"{'lat': 40.8615223, 'lng': -75.7601601}"
284,"{'lat': 47.7264679, 'lng': -122.3449965}"
285,"{'lat': 43.4920467, 'lng': -112.0358361}"
286,"{'lat': 37.1947108, 'lng': -94.3100496}"
287,"{'lat': 38.2418795, 'lng': -85.8317826}"
288,"{'lat': 26.0311076, 'lng': -80.2950032}"
289,"{'lat': 35.1165183, 'lng': -106.6040452}"
290,"{'lat': 32.218687, 'lng': -110.8647}"
291,"{'lat': 35.2344129, 'lng': -80.7800596}"
292,"{'lat': 37.6077561, 'lng': -121.0304396}"
293,"{'lat': 40.4893188, 'lng': -88.9505451}"
294,"{'lat': 35.0801559, 'lng': -106.6040021}"
295,"{'lat': 41.4246088, 'lng': -82.1539469}"
296,"{'lat': 37.2957683, 'lng': -121.7841031}"
297,"{'lat': 31.8489637, 'lng': -81.6110628}"
298,"{'lat': 31.8489637, 'lng': -81.6110628}"
299,"{'lat': 31.8489637, 'lng': -81.6110628}"
300,"{'lat': 31.8489637, 'lng': -81.6110628}"
301,"{'lat': 40.5960551, 'lng': -122.3464358}"
302,"{'lat': 38.7023506, 'lng': -90.3431844}"
303,"{'lat': 37.296837, 'lng': -121.8802754}"
304,"{'lat': 45.02723899999999, 'lng': -93.402264}"
305,"{'lat': 30.3027463, 'lng': -95.4500786}"
306,"{'lat': 33.5813924, 'lng': -112.2202715}"
307,"{'lat': 37.7936476, 'lng': -122.2005265}"
308,"{'lat': 34.864795, 'lng': -106.6905336}"
309,"{'lat': 32.7184519, 'lng': -117.049347}"
310,"{'lat': 33.9183343, 'lng': -118.2024906}"
311,"{'lat': 40.7254567, 'lng': -73.7654754}"
312,"{'lat': 40.9047489, 'lng': -81.3602447}"
313,"{'lat': 40.9047489, 'lng': -81.3602447}"
314,"{'lat': 40.9047489, 'lng': -81.3602447}"
315,"{'lat': 28.0853265, 'lng': -81.62109029999999}"
316,"{'lat': 34.701793, 'lng': -82.941495}"
317,"{'lat': 35.1165183, 'lng': -106.6040452}"
318,"{'lat': 36.15106670000001, 'lng': -95.97332779999999}"
319,"{'lat': 34.1223804, 'lng': -83.8276831}"
320,"{'lat': 42.0372279, 'lng': -88.27996689999999}"
321,"{'lat': 36.1008826, 'lng': -115.1459283}"
322,"{'lat': 33.3928639, 'lng': -111.9395878}"
323,"{'lat': 42.9262068, 'lng': -89.3843837}"
324,"{'lat': 34.8440462, 'lng': -83.58802910000001}"
325,"{'lat': 41.8231526, 'lng': -87.7854172}"
326,"{'lat': 37.7834304, 'lng': -122.4101895}"
327,"{'lat': 42.0196416, 'lng': -91.51374159999999}"
328,"{'lat': 31.098448, 'lng': -97.69329040000001}"
329,"{'lat': 38.5951264, 'lng': -121.3462102}"
330,"{'lat': 31.8179246, 'lng': -106.5454878}"
331,"{'lat': 41.8371521, 'lng': -87.7090733}"
332,"{'lat': 39.9552303, 'lng': -75.1823196}"
333,"{'lat': 36.8001379, 'lng': -121.669648}"
334,"{'lat': 37.9407685, 'lng': -121.2756357}"
335,"{'lat': 41.299617, 'lng': -95.94695139999999}"
336,"{'lat': 34.039039, 'lng': -81.389178}"
337,"{'lat': 36.9232054, 'lng': -119.7939613}"
338,"{'lat': 33.8548525, 'lng': -118.2420129}"
339,"{'lat': 36.9232054, 'lng': -119.7939613}"
340,"{'lat': 41.905673, 'lng': -87.69167999999999}"
341,"{'lat': 40.288498, 'lng': -104.775699}"
342,"{'lat': 28.3780315, 'lng': -81.3667907}"
343,"{'lat': 34.1855104, 'lng': -118.6358641}"
344,"{'lat': 28.3782287, 'lng': -81.3663231}"
345,"{'lat': 28.3782287, 'lng': -81.3663231}"
346,"{'lat': 40.5736639, 'lng': -88.9013488}"
347,"{'lat': 37.9151214, 'lng': -122.3232297}"
348,"{'lat': 41.7654624, 'lng': -87.5629498}"
349,"{'lat': 40.9674087, 'lng': -81.39186389999999}"
350,"{'lat': 26.439481, 'lng': -80.09667089999999}"
351,"{'lat': 34.1742623, 'lng': -84.760308}"
352,"{'lat': 34.1080958, 'lng': -117.3747908}"
353,"{'lat': 32.741102, 'lng': -117.1301075}"
354,"{'lat': 39.0111522, 'lng': -94.4909729}"
355,"{'lat': 40.0531247, 'lng': -75.1499249}"
356,"{'lat': 40.4509984, 'lng': -79.9848975}"
357,"{'lat': 45.7922039, 'lng': -93.1626812}"
358,"{'lat': 35.2244395, 'lng': -80.89789189999999}"
359,"{'lat': 35.2244395, 'lng': -80.89789189999999}"
360,"{'lat': 33.5632703, 'lng': -101.922455}"
361,"{'lat': 37.4084481, 'lng': -120.8500656}"
362,"{'lat': 45.0375976, 'lng': -69.820422}"
363,"{'lat': 35.2077009, 'lng': -111.6106497}"
364,"{'lat': 40.88036080000001, 'lng': -73.8609436}"
365,"{'lat': 37.355512, 'lng': -122.0456976}"
366,"{'lat': 41.77777700000001, 'lng': -87.8720716}"
367,"{'lat': 38.7411794, 'lng': -90.33477850000001}"
368,"{'lat': 38.7411794, 'lng': -90.33477850000001}"
369,"{'lat': 38.9968865, 'lng': -95.6862599}"
370,"{'lat': 32.8134863, 'lng': -83.65568929999999}"
371,"{'lat': 33.4310345, 'lng': -84.146805}"
372,"{'lat': 35.8378244, 'lng': -83.73624029999999}"
373,"{'lat': 44.9956749, 'lng': -93.26165200000001}"
374,"{'lat': 44.9956749, 'lng': -93.26165200000001}"
375,"{'lat': 29.8034904, 'lng': -95.162335}"
376,"{'lat': 40.589289, 'lng': -73.966569}"
377,"{'lat': 33.902997, 'lng': -118.3206549}"
378,"{'lat': 34.0767103, 'lng': -118.0730313}"
379,"{'lat': 30.5130186, 'lng': -91.03010920000001}"
380,"{'lat': 35.1647757, 'lng': -101.8663444}"
381,"{'lat': 33.8084154, 'lng': -117.9971398}"
382,"{'lat': 30.3690294, 'lng': -81.772982}"
383,"{'lat': 41.4625887, 'lng': -81.5963342}"
384,"{'lat': 37.7874982, 'lng': -122.3894556}"
385,"{'lat': 41.5023866, 'lng': -87.6743052}"
386,"{'lat': 38.6046361, 'lng': -90.22130299999999}"
387,"{'lat': 41.2958039, 'lng': -89.077636}"
388,"{'lat': 40.6261493, 'lng': -74.92637479999999}"
389,"{'lat': 37.5479045, 'lng': -97.5337837}"
390,"{'lat': 35.7555311, 'lng': -95.3772989}"
391,"{'lat': 42.1035867, 'lng': -87.9021118}"
392,"{'lat': 44.9196747, 'lng': -93.2728187}"
393,"{'lat': 34.236397, 'lng': -96.6789584}"
394,"{'lat': 27.7447699, 'lng': -82.66287950000002}"
395,"{'lat': 37.2653668, 'lng': -120.4454893}"
396,"{'lat': 33.8015194, 'lng': -84.6395228}"
397,"{'lat': 38.6305802, 'lng': -90.1410642}"
398,"{'lat': 40.7440243, 'lng': -84.102994}"
399,"{'lat': 37.4036935, 'lng': -119.7340014}"
400,"{'lat': 34.6575885, 'lng': -86.5783253}"
401,"{'lat': 34.686669, 'lng': -118.150759}"
402,"{'lat': 35.5077287, 'lng': -97.7425198}"
403,"{'lat': 35.5077287, 'lng': -97.7425198}"
404,"{'lat': 39.7255158, 'lng': -104.823497}"
405,"{'lat': 41.08434039999999, 'lng': -76.8632603}"
406,"{'lat': 21.4039782, 'lng': -158.1764943}"
407,"{'lat': 21.4039782, 'lng': -158.1764943}"
408,"{'lat': 39.93106179999999, 'lng': -82.9873734}"
409,"{'lat': 39.93106179999999, 'lng': -82.9873734}"
410,"{'lat': 41.7517699, 'lng': -72.7087409}"
411,"{'lat': 33.917074, 'lng': -118.0699728}"
412,"{'lat': 40.2295752, 'lng': -105.2695013}"
413,"{'lat': 42.41131499999999, 'lng': -83.210014}"
414,"{'lat': 45.8101882, 'lng': -122.486611}"
415,"{'lat': 33.4365488, 'lng': -91.04037420000002}"
416,"{'lat': 41.2704852, 'lng': -96.0072144}"
417,"{'lat': 36.199017, 'lng': -115.1263799}"
418,"{'lat': 35.461358, 'lng': -97.5494712}"
419,"{'lat': 35.461358, 'lng': -97.5494712}"
420,"{'lat': 29.9038372, 'lng': -95.39295469999999}"
421,"{'lat': 34.2688419, 'lng': -118.4158268}"
422,"{'lat': 26.1410883, 'lng': -80.12016729999999}"
423,"{'lat': 42.102538, 'lng': -86.443963}"
424,"{'lat': 31.6914016, 'lng': -89.12833529999999}"
425,"{'lat': 39.7640223, 'lng': -75.0400804}"
426,"{'lat': 39.1911036, 'lng': -84.5705344}"
427,"{'lat': 38.869818, 'lng': -77.163697}"
428,"{'lat': 30.5434914, 'lng': -91.176699}"
429,"{'lat': 34.7159823, 'lng': -81.6246164}"
430,"{'lat': 32.3332492, 'lng': -86.3119487}"
431,"{'lat': 33.8561922, 'lng': -118.1307539}"
432,"{'lat': 36.705422, 'lng': -119.77116}"
433,"{'lat': 38.5656635, 'lng': -90.3208547}"
434,"{'lat': 42.8544468, 'lng': -87.85030929999999}"
435,"{'lat': 34.0310631, 'lng': -118.3224353}"
436,"{'lat': 34.1130121, 'lng': -117.5715799}"
437,"{'lat': 36.2004763, 'lng': -115.1692849}"
438,"{'lat': 33.869683, 'lng': -118.3066074}"
439,"{'lat': 19.6992655, 'lng': -155.0650207}"
440,"{'lat': 41.1594788, 'lng': -96.13850389999999}"
441,"{'lat': 33.9277745, 'lng': -118.4224688}"
442,"{'lat': 38.7335887, 'lng': -120.7539429}"
443,"{'lat': 36.7939224, 'lng': -119.8174963}"
444,"{'lat': 27.2868068, 'lng': -82.5002441}"
445,"{'lat': 25.7427748, 'lng': -80.241367}"
446,"{'lat': 44.6306708, 'lng': -93.1368018}"
447,"{'lat': 32.2430136, 'lng': -106.7197102}"
448,"{'lat': 46.12295599999999, 'lng': -123.926789}"
449,"{'lat': 37.6787204, 'lng': -121.0436445}"
450,"{'lat': 32.7214549, 'lng': -117.0946001}"
451,"{'lat': 37.8988692, 'lng': -122.3075854}"
452,"{'lat': 40.1228207, 'lng': -87.6311461}"
453,"{'lat': 34.16263, 'lng': -118.374961}"
454,"{'lat': 34.0864178, 'lng': -118.2190479}"
455,"{'lat': 36.2955474, 'lng': -94.126975}"
456,"{'lat': 33.4685451, 'lng': -82.1573401}"
457,"{'lat': 35.3419076, 'lng': -82.3807939}"
458,"{'lat': 37.725392, 'lng': -121.8713885}"
459,"{'lat': 41.8118683, 'lng': -87.62827539999999}"
460,"{'lat': 39.9958111, 'lng': -75.1444838}"
461,"{'lat': 40.00235, 'lng': -75.509007}"
462,"{'lat': 26.1765415, 'lng': -97.6700327}"
463,"{'lat': 33.95487610000001, 'lng': -118.3469531}"
464,"{'lat': 37.6385453, 'lng': -120.990749}"
465,"{'lat': 40.8189432, 'lng': -73.9522229}"
466,"{'lat': 33.975005, 'lng': -118.0397306}"
467,"{'lat': 27.9412182, 'lng': -82.5057236}"
468,"{'lat': 27.9412182, 'lng': -82.5057236}"
469,"{'lat': 27.9412182, 'lng': -82.5057236}"
470,"{'lat': 38.6606563, 'lng': -90.2521678}"
471,"{'lat': 32.75046270000001, 'lng': -117.0561207}"
472,"{'lat': 32.0877043, 'lng': -81.11622609999999}"
473,"{'lat': 32.5465756, 'lng': -93.5186143}"
474,"{'lat': 39.9418846, 'lng': -75.88964519999999}"
475,"{'lat': 34.0041395, 'lng': -118.2513048}"
476,"{'lat': 39.10114290000001, 'lng': -94.44218479999999}"
477,"{'lat': 34.7208614, 'lng': -92.3784087}"
478,"{'lat': 38.5990994, 'lng': -121.2857712}"
479,"{'lat': 38.61500729999999, 'lng': -121.4435494}"
480,"{'lat': 38.7441094, 'lng': -90.3153715}"
481,"{'lat': 33.447286, 'lng': -101.8437319}"
482,"{'lat': 47.6156454, 'lng': -122.2037246}"
483,"{'lat': 32.235124, 'lng': -110.843054}"
484,"{'lat': 38.674487, 'lng': -90.242356}"
485,"{'lat': 36.8722424, 'lng': -94.8598774}"
486,"{'lat': 32.3230407, 'lng': -110.8945381}"
487,"{'lat': 38.5827005, 'lng': -90.24825059999999}"
488,"{'lat': 36.7265854, 'lng': -76.57798319999999}"
489,"{'lat': 30.4613716, 'lng': -91.1569}"
490,"{'lat': 30.4613716, 'lng': -91.1569}"
491,"{'lat': 29.6061959, 'lng': -95.2286531}"
492,"{'lat': 34.2741951, 'lng': -119.2572037}"
493,"{'lat': 67.1052387, 'lng': -157.8549793}"
494,"{'lat': 30.5184085, 'lng': -92.18309699999999}"
495,"{'lat': 35.4697979, 'lng': -83.2632871}"
496,"{'lat': 35.2846972, 'lng': -106.7007889}"
497,"{'lat': 31.536666, 'lng': -83.006547}"
498,"{'lat': 21.2773052, 'lng': -157.8220959}"
499,"{'lat': 40.4276333, 'lng': -79.9956086}"
500,"{'lat': 36.2048893, 'lng': -86.2689948}"
501,"{'lat': 47.5992537, 'lng': -122.3063639}"
502,"{'lat': 21.3147261, 'lng': -157.8542682}"
503,"{'lat': 37.594592, 'lng': -120.959453}"
504,"{'lat': 40.114371, 'lng': -88.2451569}"
505,"{'lat': 38.6752709, 'lng': -90.2524354}"
506,"{'lat': 39.922022, 'lng': -82.97895500000001}"
507,"{'lat': 36.0808007, 'lng': -96.051609}"
508,"{'lat': 36.0808007, 'lng': -96.051609}"
509,"{'lat': 43.0898945, 'lng': -87.98682550000001}"
510,"{'lat': 39.9280614, 'lng': -122.1975737}"
511,"{'lat': 26.1346566, 'lng': -80.15757119999999}"
512,"{'lat': 26.2422124, 'lng': -80.1305887}"
513,"{'lat': 30.4623862, 'lng': -87.2482977}"
514,"{'lat': 34.6270952, 'lng': -89.357556}"
515,"{'lat': 35.2160008, 'lng': -80.7858279}"
516,"{'lat': 38.6022574, 'lng': -90.2610344}"
517,"{'lat': 35.6449465, 'lng': -108.026398}"
518,"{'lat': 39.788734, 'lng': -94.787347}"
519,"{'lat': 41.5963983, 'lng': -81.5335751}"
520,"{'lat': 40.72775170000001, 'lng': -74.0460973}"
521,"{'lat': 41.4346329, 'lng': -81.5748141}"
522,"{'lat': 35.4137738, 'lng': -97.55260899999999}"
523,"{'lat': 38.7466377, 'lng': -105.180624}"
524,"{'lat': 40.7054628, 'lng': -73.9236037}"
525,"{'lat': 39.99559319999999, 'lng': -81.5526568}"
526,"{'lat': 32.8855822, 'lng': -80.0669278}"
527,"{'lat': 41.8276922, 'lng': -87.608812}"
528,"{'lat': 40.8488265, 'lng': -74.8236881}"
529,"{'lat': 40.0008625, 'lng': -75.11050999999999}"
530,"{'lat': 40.0008625, 'lng': -75.11050999999999}"
531,"{'lat': 37.4333804, 'lng': -122.0955813}"
532,"{'lat': 32.5222527, 'lng': -92.0839783}"
533,"{'lat': 37.2510637, 'lng': -93.3033265}"
534,"{'lat': 40.6950864, 'lng': -73.9287324}"
535,"{'lat': 41.0999395, 'lng': -81.59008299999999}"
536,"{'lat': 30.0803158, 'lng': -95.7362156}"
537,"{'lat': 44.8124631, 'lng': -72.20487539999999}"
538,"{'lat': 33.9727656, 'lng': -118.2739411}"
539,"{'lat': 41.8118683, 'lng': -87.62827539999999}"
540,"{'lat': 35.6806624, 'lng': -105.9233312}"
541,"{'lat': 37.8260942, 'lng': -90.1764582}"
542,"{'lat': 42.5954637, 'lng': -88.47504579999999}"
543,"{'lat': 43.0234725, 'lng': -87.91601659999999}"
544,"{'lat': 36.2032032, 'lng': -121.1281711}"
545,"{'lat': 34.1128442, 'lng': -118.4303741}"
546,"{'lat': 38.0718679, 'lng': -91.7557959}"
547,"{'lat': 35.8339829, 'lng': -78.3142708}"
548,"{'lat': 35.8339829, 'lng': -78.3142708}"
549,"{'lat': 64.8369428, 'lng': -147.7391533}"
550,"{'lat': 41.7935489, 'lng': -87.5804185}"
551,"{'lat': 31.5563123, 'lng': -102.9086618}"
552,"{'lat': 31.5563123, 'lng': -102.9086618}"
553,"{'lat': 37.4145254, 'lng': -122.0927112}"
554,"{'lat': 36.1127291, 'lng': -115.9752629}"
555,"{'lat': 36.1127291, 'lng': -115.9752629}"
556,"{'lat': 36.100173, 'lng': -95.853487}"
557,"{'lat': 44.9412119, 'lng': -93.2629432}"
558,"{'lat': 32.7256175, 'lng': -117.1668966}"
559,"{'lat': 34.1402401, 'lng': -118.0204855}"
560,"{'lat': 37.7712409, 'lng': -121.202464}"
561,"{'lat': 41.9214519, 'lng': -87.7067593}"
562,"{'lat': 41.3997688, 'lng': -79.82961619999999}"
563,"{'lat': 29.6628493, 'lng': -95.0192651}"
564,"{'lat': 39.1822716, 'lng': -84.4564128}"
565,"{'lat': 37.2325841, 'lng': -121.7704967}"
566,"{'lat': 39.1827413, 'lng': -84.4254558}"
567,"{'lat': 47.3884424, 'lng': -122.0566818}"
568,"{'lat': 47.3906162, 'lng': -122.2860752}"
569,"{'lat': 29.7485177, 'lng': -94.9685588}"
570,"{'lat': 32.1506629, 'lng': -81.3485347}"
571,"{'lat': 32.1506629, 'lng': -81.3485347}"
572,"{'lat': 32.0579692, 'lng': -81.1034869}"
573,"{'lat': 33.54066, 'lng': -86.7516558}"
574,"{'lat': 31.3334539, 'lng': -110.9371894}"
575,"{'lat': 33.6931781, 'lng': -117.8682869}"
576,"{'lat': 32.75986230000001, 'lng': -116.4866357}"
577,"{'lat': 38.5678202, 'lng': -90.1742122}"
578,"{'lat': 34.2351292, 'lng': -96.6824647}"
579,"{'lat': 27.8110126, 'lng': -82.6815804}"
580,"{'lat': 37.7690127, 'lng': -87.1211407}"
581,"{'lat': 44.886055, 'lng': -93.360405}"
582,"{'lat': 38.9807318, 'lng': -77.0936686}"
583,"{'lat': 34.4383188, 'lng': -118.4057959}"
584,"{'lat': 40.2671961, 'lng': -76.9154793}"
585,"{'lat': 33.9856791, 'lng': -118.4434133}"
586,"{'lat': 42.3566806, 'lng': -89.9137109}"
587,"{'lat': 44.943732, 'lng': -93.10312499999999}"
588,"{'lat': 35.4729231, 'lng': -97.5142989}"
589,"{'lat': 37.7051317, 'lng': -122.4708507}"
590,"{'lat': 41.740367, 'lng': -93.58758300000001}"
591,"{'lat': 32.4082683, 'lng': -91.187461}"
592,"{'lat': 39.9534895, 'lng': -76.64927399999999}"
593,"{'lat': 38.0404555, 'lng': -121.96197}"
594,"{'lat': 42.3159125, 'lng': -71.0852407}"
595,"{'lat': 32.8357526, 'lng': -96.5877459}"
596,"{'lat': 39.2648122, 'lng': -76.56720810000002}"
597,"{'lat': 34.7449451, 'lng': -92.25877129999999}"
598,"{'lat': 38.5124113, 'lng': -89.98255999999999}"
599,"{'lat': 41.2524204, 'lng': -95.95316199999999}"
600,"{'lat': 43.037798, 'lng': -76.16763999999999}"
601,"{'lat': 37.6165056, 'lng': -122.0919706}"
602,"{'lat': 35.4394131, 'lng': -97.52145949999999}"
603,"{'lat': 35.229587, 'lng': -80.91791119999999}"
604,"{'lat': 40.270942, 'lng': -74.5071245}"
605,"{'lat': 40.7736901, 'lng': -111.9181787}"
606,"{'lat': 34.3343245, 'lng': -118.507762}"
607,"{'lat': 37.6640327, 'lng': -121.0127953}"
608,"{'lat': 33.9692398, 'lng': -118.2034971}"
609,"{'lat': 34.0695701, 'lng': -117.5498558}"
610,"{'lat': 41.8786934, 'lng': -87.6389243}"
611,"{'lat': 35.154537, 'lng': -84.78102520000002}"
612,"{'lat': 35.5360674, 'lng': -97.56184479999999}"
613,"{'lat': 35.1188226, 'lng': -85.278993}"
614,"{'lat': 34.1745588, 'lng': -118.5183189}"
615,"{'lat': 33.743068, 'lng': -84.228644}"
616,"{'lat': 33.9325126, 'lng': -117.9458924}"
617,"{'lat': 34.637797, 'lng': -99.3164767}"
618,"{'lat': 37.41509569999999, 'lng': -121.943683}"
619,"{'lat': 38.965496, 'lng': -76.19393}"
620,"{'lat': 37.4852101, 'lng': -122.2313494}"
621,"{'lat': 41.963913, 'lng': -91.695297}"
622,"{'lat': 39.3027687, 'lng': -76.45325059999999}"
623,"{'lat': 40.45627349999999, 'lng': -74.3831202}"
624,"{'lat': 35.515141, 'lng': -97.4766087}"
625,"{'lat': 39.0915308, 'lng': -94.5023191}"
626,"{'lat': 39.9568337, 'lng': -82.924478}"
627,"{'lat': 28.0052334, 'lng': -82.4140323}"
628,"{'lat': 46.5635188, 'lng': -120.5171281}"
629,"{'lat': 40.7307891, 'lng': -73.9575258}"
630,"{'lat': 40.7307891, 'lng': -73.9575258}"
631,"{'lat': 40.0376066, 'lng': -82.9623885}"
632,"{'lat': 33.8765984, 'lng': -117.5776708}"
633,"{'lat': 42.3107326, 'lng': -71.0692937}"
634,"{'lat': 33.9213398, 'lng': -117.2182321}"
635,"{'lat': 39.0096948, 'lng': -94.4841398}"
636,"{'lat': 41.2446989, 'lng': -81.2308731}"
637,"{'lat': 55.34830299999999, 'lng': -131.648924}"
638,"{'lat': 40.1260317, 'lng': -88.2936848}"
639,"{'lat': 30.0995924, 'lng': -95.14552049999999}"
640,"{'lat': 31.0495389, 'lng': -97.4620315}"
641,"{'lat': 40.758872, 'lng': -111.8992675}"
642,"{'lat': 47.4679103, 'lng': -122.2212631}"
643,"{'lat': 47.4679103, 'lng': -122.2212631}"
644,"{'lat': 32.2378904, 'lng': -110.9267767}"
645,"{'lat': 42.6062924, 'lng': -114.2071976}"
646,"{'lat': 30.4514276, 'lng': -88.8916898}"
647,"{'lat': 43.181849, 'lng': -77.607739}"
648,"{'lat': 41.488665, 'lng': -81.9224157}"
649,"{'lat': 37.99027, 'lng': -84.524191}"
650,"{'lat': 41.0302643, 'lng': -81.5944926}"
651,"{'lat': 61.6146853, 'lng': -149.1143859}"
652,"{'lat': 38.235383, 'lng': -85.78801899999999}"
653,"{'lat': 35.4824408, 'lng': -97.5781151}"
654,"{'lat': 34.1590937, 'lng': -119.182326}"
655,"{'lat': 31.0074271, 'lng': -88.224426}"
656,"{'lat': 31.0074271, 'lng': -88.224426}"
657,"{'lat': 37.7510856, 'lng': -122.1711635}"
658,"{'lat': 37.7482689, 'lng': -122.1779602}"
659,"{'lat': 33.6655, 'lng': -85.80499999999999}"
660,"{'lat': 34.975275, 'lng': -92.291928}"
661,"{'lat': 40.7679972, 'lng': -74.2412305}"
662,"{'lat': 21.2895657, 'lng': -157.8434701}"
663,"{'lat': 21.2895657, 'lng': -157.8434701}"
664,"{'lat': 39.9878249, 'lng': -75.180587}"
665,"{'lat': 47.5647022, 'lng': -122.3715518}"
666,"{'lat': 39.74622859999999, 'lng': -84.1881935}"
667,"{'lat': 37.9804292, 'lng': -78.5450857}"
668,"{'lat': 34.063401, 'lng': -117.6128172}"
669,"{'lat': 37.8608266, 'lng': -94.1589011}"
670,"{'lat': 38.6891818, 'lng': -90.2503545}"
671,"{'lat': 40.6938402, 'lng': -73.9364314}"
672,"{'lat': 36.0993884, 'lng': -115.069649}"
673,"{'lat': 34.1966206, 'lng': -119.1800829}"
674,"{'lat': 40.097754, 'lng': -74.898693}"
675,"{'lat': 34.7755002, 'lng': -82.31273449999999}"
676,"{'lat': 36.4560636, 'lng': -90.72230069999999}"
677,"{'lat': 34.410109, 'lng': -119.0834811}"
678,"{'lat': 37.9580424, 'lng': -122.5084484}"
679,"{'lat': 33.9855622, 'lng': -118.2473842}"
680,"{'lat': 34.8340586, 'lng': -114.6202223}"
681,"{'lat': 38.980644, 'lng': -105.041344}"
682,"{'lat': 35.25303299999999, 'lng': -88.967687}"
683,"{'lat': 40.2345361, 'lng': -79.1666498}"
684,"{'lat': 35.1761405, 'lng': -106.5597766}"
685,"{'lat': 34.5419028, 'lng': -112.4701107}"
686,"{'lat': 34.5419028, 'lng': -112.4701107}"
687,"{'lat': 34.5419028, 'lng': -112.4701107}"
688,"{'lat': 33.1215473, 'lng': -117.0792091}"
689,"{'lat': 34.0706311, 'lng': -117.6524206}"
690,"{'lat': 37.9652057, 'lng': -121.227403}"
691,"{'lat': 33.9327863, 'lng': -84.3375314}"
692,"{'lat': 33.7622707, 'lng': -84.4533471}"
693,"{'lat': 45.5213762, 'lng': -122.8154979}"
694,"{'lat': 45.4858187, 'lng': -122.8261339}"
695,"{'lat': 47.1989628, 'lng': -122.3890566}"
696,"{'lat': 41.66411890000001, 'lng': -91.34641739999999}"
697,"{'lat': 41.66411890000001, 'lng': -91.34641739999999}"
698,"{'lat': 36.1179334, 'lng': -115.1475182}"
699,"{'lat': 33.9164228, 'lng': -118.2742098}"
700,"{'lat': 29.6722047, 'lng': -82.3350765}"
701,"{'lat': 36.9595852, 'lng': -121.965749}"
702,"{'lat': 39.0703794, 'lng': -94.50412329999999}"
703,"{'lat': 31.393817, 'lng': -91.189416}"
704,"{'lat': 39.133358, 'lng': -84.50539979999999}"
705,"{'lat': 40.514135, 'lng': -75.7822039}"
706,"{'lat': 33.6529776, 'lng': -91.0108249}"
707,"{'lat': 40.8433019, 'lng': -99.9488637}"
708,"{'lat': 40.8571835, 'lng': -99.9851685}"
709,"{'lat': 37.5663377, 'lng': -121.2861426}"
710,"{'lat': 37.5663377, 'lng': -121.2861426}"
711,"{'lat': 39.0104037, 'lng': -94.49581119999999}"
712,"{'lat': 38.678901, 'lng': -90.28918000000002}"
713,"{'lat': 39.7000823, 'lng': -105.0128966}"
714,"{'lat': 41.0735158, 'lng': -90.2278353}"
715,"{'lat': 36.164824, 'lng': -115.1303958}"
716,"{'lat': 31.841545, 'lng': -102.3865135}"
717,"{'lat': 33.2004171, 'lng': -117.3735265}"
718,"{'lat': 33.7088573, 'lng': -117.9400463}"
719,"{'lat': 33.7088573, 'lng': -117.9400463}"
720,"{'lat': 38.2033902, 'lng': -85.7850387}"
721,"{'lat': 39.9449551, 'lng': -82.5968705}"
722,"{'lat': 36.099733, 'lng': -95.941564}"
723,"{'lat': 33.9975203, 'lng': -118.412954}"
724,"{'lat': 38.6657708, 'lng': -90.2677325}"
725,"{'lat': 34.1869662, 'lng': -118.4166063}"
726,"{'lat': 38.4850327, 'lng': -121.4594094}"
727,"{'lat': 33.729395, 'lng': -84.3844465}"
728,"{'lat': 34.1727958, 'lng': -97.1632937}"
729,"{'lat': 37.3373472, 'lng': -89.58248069999999}"
730,"{'lat': 39.7873749, 'lng': -84.234935}"
731,"{'lat': 33.9435923, 'lng': -118.3090321}"
732,"{'lat': 29.804722, 'lng': -95.8247918}"
733,"{'lat': 29.804722, 'lng': -95.8247918}"
734,"{'lat': 29.804722, 'lng': -95.8247918}"
735,"{'lat': 29.804722, 'lng': -95.8247918}"
736,"{'lat': 43.03776999999999, 'lng': -88.0259978}"
737,"{'lat': 37.8968353, 'lng': -122.0687806}"
738,"{'lat': 33.4687568, 'lng': -111.9871469}"
739,"{'lat': 32.8094805, 'lng': -117.1166715}"
740,"{'lat': 42.331474, 'lng': -77.663904}"
741,"{'lat': 32.1881954, 'lng': -110.9678149}"
742,"{'lat': 32.6148173, 'lng': -117.0785991}"
743,"{'lat': 33.8922869, 'lng': -118.399551}"
744,"{'lat': 33.9346902, 'lng': -118.3000927}"
745,"{'lat': 33.9346902, 'lng': -118.3000927}"
746,"{'lat': 28.0439152, 'lng': -81.7199358}"
747,"{'lat': 36.6904584, 'lng': -91.46386269999999}"
748,"{'lat': 46.1480691, 'lng': -122.9225285}"
749,"{'lat': 37.954018, 'lng': -121.2353718}"
750,"{'lat': 37.954018, 'lng': -121.2353718}"
751,"{'lat': 37.954018, 'lng': -121.2353718}"
752,"{'lat': 37.954018, 'lng': -121.2353718}"
753,"{'lat': 34.9139717, 'lng': -88.5012544}"
754,"{'lat': 34.9139717, 'lng': -88.5012544}"
755,"{'lat': 34.9139717, 'lng': -88.5012544}"
756,"{'lat': 39.98998450000001, 'lng': -75.16036609999999}"
757,"{'lat': 32.6730766, 'lng': -97.28019100000002}"
758,"{'lat': 34.0688668, 'lng': -118.1514407}"
759,"{'lat': 39.8191216, 'lng': -84.1253297}"
760,"{'lat': 29.7835831, 'lng': -95.3032155}"
761,"{'lat': 34.2792069, 'lng': -118.4206947}"
762,"{'lat': 37.3836521, 'lng': -122.0550444}"
763,"{'lat': 30.42107, 'lng': -87.2131489}"
764,"{'lat': 28.21242, 'lng': -82.04413699999999}"
765,"{'lat': 33.7382821, 'lng': -116.9318662}"
766,"{'lat': 39.8055026, 'lng': -75.0073204}"
767,"{'lat': 36.2061009, 'lng': -115.209972}"
768,"{'lat': 47.6942057, 'lng': -122.3445538}"
769,"{'lat': 34.0398974, 'lng': -118.3248509}"
770,"{'lat': 39.6524468, 'lng': -104.9835241}"
771,"{'lat': 30.4373134, 'lng': -91.171583}"
772,"{'lat': 40.6544423, 'lng': -80.3901279}"
773,"{'lat': 36.2785412, 'lng': -94.47568319999999}"
774,"{'lat': 37.7838881, 'lng': -122.4130532}"
775,"{'lat': 35.2264819, 'lng': -96.6710533}"
776,"{'lat': 40.799981, 'lng': -96.68667599999999}"
777,"{'lat': 33.502451, 'lng': -112.017281}"
778,"{'lat': 39.1040998, 'lng': -94.5709292}"
779,"{'lat': 40.6997453, 'lng': -99.2743061}"
780,"{'lat': 31.9183525, 'lng': -111.8792638}"
781,"{'lat': 41.9533058, 'lng': -87.75714649999999}"
782,"{'lat': 34.2283114, 'lng': -118.5361674}"
783,"{'lat': 33.9529612, 'lng': -84.5196292}"
784,"{'lat': 38.9626149, 'lng': -77.4343256}"
785,"{'lat': 39.154961, 'lng': -75.516848}"
786,"{'lat': 27.958661, 'lng': -82.5054785}"
787,"{'lat': 36.0867672, 'lng': -86.6972224}"
788,"{'lat': 33.9190973, 'lng': -117.2624583}"
789,"{'lat': 33.4504304, 'lng': -112.0498632}"
790,"{'lat': 38.2737017, 'lng': -122.0340464}"
791,"{'lat': 42.392948, 'lng': -88.3005889}"
792,"{'lat': 32.9874957, 'lng': -117.086615}"
793,"{'lat': 37.852157, 'lng': -122.2866063}"
794,"{'lat': 38.80681149999999, 'lng': -104.7463076}"
795,"{'lat': 33.6628107, 'lng': -112.021772}"
796,"{'lat': 34.082089, 'lng': -118.255658}"
797,"{'lat': 34.0947318, 'lng': -117.3107628}"
798,"{'lat': 40.027059, 'lng': -75.129119}"
799,"{'lat': 33.9887616, 'lng': -84.2737289}"
800,"{'lat': 43.5928123, 'lng': -70.33300969999999}"
801,"{'lat': 30.4617382, 'lng': -90.4441248}"
802,"{'lat': 39.0568812, 'lng': -94.4547559}"
803,"{'lat': 33.1386758, 'lng': -117.1029709}"
804,"{'lat': 33.8634801, 'lng': -118.0025364}"
805,"{'lat': 37.3098315, 'lng': -94.74165389999999}"
806,"{'lat': 40.91343910000001, 'lng': -72.8453059}"
807,"{'lat': 34.0677893, 'lng': -117.8423151}"
808,"{'lat': 35.5366551, 'lng': -98.48413240000001}"
809,"{'lat': 33.6967043, 'lng': -84.2640918}"
810,"{'lat': 37.72123819999999, 'lng': -89.2118114}"
811,"{'lat': 37.72123819999999, 'lng': -89.2118114}"
812,"{'lat': 35.648863, 'lng': -97.436431}"
813,"{'lat': 48.0240676, 'lng': -122.765073}"
814,"{'lat': 34.114472, 'lng': -117.2511526}"
815,"{'lat': 41.4838245, 'lng': -87.8973901}"
816,"{'lat': 39.9186241, 'lng': -83.0483643}"
817,"{'lat': 30.6669846, 'lng': -96.4007834}"
818,"{'lat': 33.6107982, 'lng': -85.82759250000001}"
819,"{'lat': 32.7142076, 'lng': -117.159758}"
820,"{'lat': 35.5482633, 'lng': -97.3181548}"
821,"{'lat': 39.9893146, 'lng': -75.5512464}"
822,"{'lat': 39.9893146, 'lng': -75.5512464}"
823,"{'lat': 45.0722118, 'lng': -93.2611276}"
824,"{'lat': 37.943647, 'lng': -122.3356157}"
825,"{'lat': 33.9111314, 'lng': -118.3204418}"
826,"{'lat': 45.5306583, 'lng': -122.5602005}"
827,"{'lat': 32.43923, 'lng': -93.766267}"
828,"{'lat': 44.91962909999999, 'lng': -93.27795379999999}"
829,"{'lat': 33.880548, 'lng': -118.124182}"
830,"{'lat': 34.021716, 'lng': -118.3723597}"
831,"{'lat': 41.9959924, 'lng': -87.69508809999999}"
832,"{'lat': 33.3063628, 'lng': -111.789852}"
833,"{'lat': 39.7387104, 'lng': -104.9034498}"
834,"{'lat': 39.7387104, 'lng': -104.9034498}"
835,"{'lat': 33.703537, 'lng': -84.38035099999999}"
836,"{'lat': 35.1293556, 'lng': -106.567382}"
837,"{'lat': 33.9374494, 'lng': -84.55187959999999}"
838,"{'lat': 36.120385, 'lng': -115.23358}"
839,"{'lat': 39.1129025, 'lng': -84.5159401}"
840,"{'lat': 35.0189582, 'lng': -81.800162}"
841,"{'lat': 30.6797467, 'lng': -87.9970877}"
842,"{'lat': 35.1140554, 'lng': -114.5827423}"
843,"{'lat': 39.7576587, 'lng': -105.0336272}"
844,"{'lat': 40.1022291, 'lng': -76.3599759}"
845,"{'lat': 33.0004178, 'lng': -80.0481449}"
846,"{'lat': 33.8627007, 'lng': -117.7862112}"
847,"{'lat': 33.8627007, 'lng': -117.7862112}"
848,"{'lat': 34.6067912, 'lng': -98.430351}"
849,"{'lat': 29.542187, 'lng': -95.38328399999999}"
850,"{'lat': 32.70838, 'lng': -117.1466828}"
851,"{'lat': 35.00821750000001, 'lng': -106.0475095}"
852,"{'lat': 33.4691083, 'lng': -117.6964071}"
853,"{'lat': 34.7407517, 'lng': -92.32329329999999}"
854,"{'lat': 39.7269065, 'lng': -104.8484429}"
855,"{'lat': 27.1917325, 'lng': -80.2439125}"
856,"{'lat': 27.9572334, 'lng': -82.7948134}"
857,"{'lat': 39.9205449, 'lng': -75.0881149}"
858,"{'lat': 34.2282978, 'lng': -118.46986}"
859,"{'lat': 39.9164406, 'lng': -82.8950747}"
860,"{'lat': 36.3854165, 'lng': -119.3945772}"
861,"{'lat': 32.5157851, 'lng': -93.72664549999999}"
862,"{'lat': 47.4450916, 'lng': -122.1496806}"
863,"{'lat': 21.3975, 'lng': -158.1002777}"
864,"{'lat': 36.152018, 'lng': -95.9917535}"
865,"{'lat': 35.0704367, 'lng': -91.8798577}"
866,"{'lat': 33.874203, 'lng': -118.150132}"
867,"{'lat': 29.92169489999999, 'lng': -81.3466519}"
868,"{'lat': 32.8107111, 'lng': -96.6411954}"
869,"{'lat': 32.8165639, 'lng': -96.688087}"
870,"{'lat': 30.6921708, 'lng': -88.2075789}"
871,"{'lat': 33.4295801, 'lng': -111.5504332}"
872,"{'lat': 33.7774911, 'lng': -117.918324}"
873,"{'lat': 33.7802324, 'lng': -118.1784684}"
874,"{'lat': 33.7774911, 'lng': -117.918324}"
875,"{'lat': 30.801851, 'lng': -90.4409029}"
876,"{'lat': 38.4525383, 'lng': -122.7513903}"
877,"{'lat': 41.9245741, 'lng': -87.71697940000001}"
878,"{'lat': 30.312555, 'lng': -89.3298216}"
879,"{'lat': 41.6454353, 'lng': -91.532198}"
880,"{'lat': 32.5695763, 'lng': -117.055899}"
881,"{'lat': 44.9357982, 'lng': -93.2727482}"
882,"{'lat': 36.1293049, 'lng': -115.2210781}"
883,"{'lat': 34.2130323, 'lng': -91.96772519999999}"
884,"{'lat': 35.29612, 'lng': -120.665867}"
885,"{'lat': 25.7833942, 'lng': -80.2076093}"
886,"{'lat': 40.7342307, 'lng': -74.2147102}"
887,"{'lat': 31.4589867, 'lng': -90.4917787}"
888,"{'lat': 31.4589867, 'lng': -90.4917787}"
889,"{'lat': 34.0458362, 'lng': -118.243029}"
890,"{'lat': 34.6481119, 'lng': -82.5016325}"
891,"{'lat': 34.6481119, 'lng': -82.5016325}"
892,"{'lat': 34.6481119, 'lng': -82.5016325}"
893,"{'lat': 47.1904555, 'lng': -122.290012}"
894,"{'lat': 33.7142089, 'lng': -117.9920708}"
895,"{'lat': 33.3820758, 'lng': -117.2513682}"
896,"{'lat': 40.7532393, 'lng': -111.8824994}"
897,"{'lat': 36.42522, 'lng': -93.90384399999999}"
898,"{'lat': 38.385091, 'lng': -121.983135}"
899,"{'lat': 33.8514742, 'lng': -84.6026081}"
900,"{'lat': 43.5759561, 'lng': -116.5556064}"
901,"{'lat': 34.196273, 'lng': -119.198017}"
902,"{'lat': 39.7606561, 'lng': -84.2856705}"
903,"{'lat': 38.5970099, 'lng': -90.2536104}"
904,"{'lat': 34.1086294, 'lng': -118.7660457}"
905,"{'lat': 42.12809720000001, 'lng': -91.3722463}"
906,"{'lat': 42.3658801, 'lng': -89.00881969999999}"
907,"{'lat': 32.7484482, 'lng': -117.1367997}"
908,"{'lat': 39.3083732, 'lng': -119.6501198}"
909,"{'lat': 32.8628061, 'lng': -117.2339575}"
910,"{'lat': 41.5257442, 'lng': -74.2331222}"
911,"{'lat': 34.5096565, 'lng': -93.1670396}"
912,"{'lat': 44.99178209999999, 'lng': -93.2988974}"
913,"{'lat': 34.531568, 'lng': -78.765756}"
914,"{'lat': 34.2705223, 'lng': -119.2707579}"
915,"{'lat': 33.9238832, 'lng': -118.3562633}"
916,"{'lat': 25.848236, 'lng': -80.15205999999999}"
917,"{'lat': 36.8738389, 'lng': -95.0957974}"
918,"{'lat': 36.8738389, 'lng': -95.0957974}"
919,"{'lat': 34.0914724, 'lng': -118.2332926}"
920,"{'lat': 37.3228274, 'lng': -122.0324063}"
921,"{'lat': 40.0059348, 'lng': -83.0845432}"
922,"{'lat': 40.452852, 'lng': -79.97046399999999}"
923,"{'lat': 34.9845699, 'lng': -81.97639219999999}"
924,"{'lat': 38.9278252, 'lng': -77.02611759999999}"
925,"{'lat': 38.6398641, 'lng': -83.742987}"
926,"{'lat': 35.9569632, 'lng': -79.9317782}"
927,"{'lat': 36.2888514, 'lng': -97.3255908}"
928,"{'lat': 32.8521496, 'lng': -79.9638063}"
929,"{'lat': 32.823264, 'lng': -116.930736}"
930,"{'lat': 32.4804828, 'lng': -81.82050919999999}"
931,"{'lat': 29.1681939, 'lng': -95.4249396}"
932,"{'lat': 26.5145369, 'lng': -80.0622656}"
933,"{'lat': 42.3152437, 'lng': -89.03204389999999}"
934,"{'lat': 30.371596, 'lng': -88.5401546}"
935,"{'lat': 38.681202, 'lng': -121.2776506}"
936,"{'lat': 34.2209334, 'lng': -118.4999638}"
937,"{'lat': 34.1735802, 'lng': -118.1928511}"
938,"{'lat': 32.8039625, 'lng': -117.1506431}"
939,"{'lat': 45.6819745, 'lng': -111.0357818}"
940,"{'lat': 41.423796, 'lng': -73.607766}"
941,"{'lat': 46.6685682, 'lng': -92.2309545}"
942,"{'lat': 40.71756209999999, 'lng': -73.5940676}"
943,"{'lat': 40.71756209999999, 'lng': -73.5940676}"
944,"{'lat': 33.6216878, 'lng': -112.0144083}"
945,"{'lat': 37.66984010000001, 'lng': -122.0870767}"
946,"{'lat': 41.3690601, 'lng': -89.0979394}"
947,"{'lat': 41.6345602, 'lng': -87.75710079999999}"
948,"{'lat': 29.6415933, 'lng': -95.23903349999999}"
949,"{'lat': 26.5295452, 'lng': -80.1076425}"
950,"{'lat': 42.3837471, 'lng': -71.0154656}"
951,"{'lat': 39.9435535, 'lng': -82.9705505}"
952,"{'lat': 27.7863234, 'lng': -97.3985323}"
953,"{'lat': 47.6129416, 'lng': -122.3027107}"
954,"{'lat': 34.2986168, 'lng': -117.458215}"
955,"{'lat': 41.8986768, 'lng': -87.7458856}"
956,"{'lat': 33.5239332, 'lng': -111.937706}"
957,"{'lat': 33.2046819, 'lng': -117.2542209}"
958,"{'lat': 33.2046819, 'lng': -117.2542209}"
959,"{'lat': 36.146789, 'lng': -115.16179}"
960,"{'lat': 32.2542461, 'lng': -110.9033361}"
961,"{'lat': 38.637455, 'lng': -121.4370471}"
962,"{'lat': 41.8674116, 'lng': -72.4542488}"
963,"{'lat': 21.507551, 'lng': -157.9935319}"
964,"{'lat': 37.2110512, 'lng': -82.7068858}"
965,"{'lat': 29.9335739, 'lng': -90.03265309999999}"
966,"{'lat': 29.726398, 'lng': -95.48891180000001}"
967,"{'lat': 32.580258, 'lng': -82.2977592}"
968,"{'lat': 32.580258, 'lng': -82.2977592}"
969,"{'lat': 39.5128916, 'lng': -119.8005436}"
970,"{'lat': 42.4153869, 'lng': -88.0456909}"
971,"{'lat': 33.2137549, 'lng': -96.6762643}"
972,"{'lat': 25.7842538, 'lng': -80.21543779999999}"
973,"{'lat': 33.772554, 'lng': -84.377702}"
974,"{'lat': 36.1701659, 'lng': -96.0145673}"
975,"{'lat': 32.6409421, 'lng': -97.0969342}"
976,"{'lat': 40.6409358, 'lng': -73.9485182}"
977,"{'lat': 37.548622, 'lng': -77.40351319999999}"
978,"{'lat': 34.6928313, 'lng': -111.9797588}"
979,"{'lat': 32.7104614, 'lng': -117.0851017}"
980,"{'lat': 38.8241792, 'lng': -76.9996583}"
981,"{'lat': 33.9489507, 'lng': -117.4252013}"
982,"{'lat': 34.2189891, 'lng': -119.177216}"
983,"{'lat': 42.4426062, 'lng': -87.8256303}"
984,"{'lat': 41.8960519, 'lng': -87.8803281}"
